scientificName,decimalLatitude,decimalLongitude,dataset_id,date,aphiaID
Obelia bidentata,45.082517,-67.096267,83040ea6-0e87-4e4e-937d-1b826349c464,2020,117385
Obelia bidentata,45.077033,-67.095867,83040ea6-0e87-4e4e-937d-1b826349c464,2021,117385
Obelia bidentata,45.078183,-67.095567,83040ea6-0e87-4e4e-937d-1b826349c464,2021,117385
Obelia bidentata,45.078967,-67.096017,83040ea6-0e87-4e4e-937d-1b826349c464,2019,117385
Obelia bidentata,45.07958,-67.09731,83040ea6-0e87-4e4e-937d-1b826349c464,2021,117385
Obelia bidentata,45.08565,-67.0965,83040ea6-0e87-4e4e-937d-1b826349c464,2020,117385
Obelia bidentata,45.077033,-67.095867,83040ea6-0e87-4e4e-937d-1b826349c464,2021,117385
Obelia bidentata,45.078967,-67.096017,83040ea6-0e87-4e4e-937d-1b826349c464,2019,117385
Obelia bidentata,45.0749,-67.0925,83040ea6-0e87-4e4e-937d-1b826349c464,2021,117385
Obelia bidentata,45.07958,-67.09731,83040ea6-0e87-4e4e-937d-1b826349c464,2021,117385
Obelia bidentata,45.082517,-67.096267,83040ea6-0e87-4e4e-937d-1b826349c464,2021,117385
Obelia bidentata,45.078967,-67.096017,83040ea6-0e87-4e4e-937d-1b826349c464,2019,117385
Obelia bidentata,45.0823,-67.088083,83040ea6-0e87-4e4e-937d-1b826349c464,2021,117385
Obelia bidentata,45.082517,-67.096267,83040ea6-0e87-4e4e-937d-1b826349c464,2020,117385
Obelia bidentata,42.5215988159,-70.881652832,4da23d30-af8d-48f3-977a-4e24394e2e8c,2000,117385
Obelia bidentata,45.0823,-67.088083,83040ea6-0e87-4e4e-937d-1b826349c464,2021,117385
Obelia bidentata,42.0387802124,-70.6695175171,4da23d30-af8d-48f3-977a-4e24394e2e8c,2000,117385
Obelia bidentata,42.5215988159,-70.881652832,4da23d30-af8d-48f3-977a-4e24394e2e8c,2000,117385
Obelia bidentata,45.078967,-67.096017,83040ea6-0e87-4e4e-937d-1b826349c464,2019,117385
Obelia bidentata,44.936233,-66.837517,83040ea6-0e87-4e4e-937d-1b826349c464,2021,117385
Obelia bidentata,45.078967,-67.096017,83040ea6-0e87-4e4e-937d-1b826349c464,2019,117385
Obelia bidentata,45.077033,-67.095867,83040ea6-0e87-4e4e-937d-1b826349c464,2021,117385
Obelia bidentata,45.08565,-67.0965,f0abfac5-114a-4e81-923f-ed08718cb5a7,2020,117385
Obelia bidentata,45.0749,-67.0925,83040ea6-0e87-4e4e-937d-1b826349c464,2021,117385
Obelia bidentata,45.0823,-67.088083,f0abfac5-114a-4e81-923f-ed08718cb5a7,2021,117385
Obelia bidentata,45.0749,-67.0925,83040ea6-0e87-4e4e-937d-1b826349c464,2021,117385
Obelia bidentata,45.0823,-67.088083,83040ea6-0e87-4e4e-937d-1b826349c464,2021,117385
Obelia bidentata,45.07958,-67.09731,83040ea6-0e87-4e4e-937d-1b826349c464,2021,117385
Obelia bidentata,45.0853,-67.0988,83040ea6-0e87-4e4e-937d-1b826349c464,2020,117385
Obelia bidentata,45.078967,-67.096017,83040ea6-0e87-4e4e-937d-1b826349c464,2019,117385
Obelia bidentata,44.936833,-66.842183,83040ea6-0e87-4e4e-937d-1b826349c464,2020,117385
Obelia bidentata,45.07958,-67.09731,83040ea6-0e87-4e4e-937d-1b826349c464,2021,117385
Obelia bidentata,45.0823,-67.088083,f0abfac5-114a-4e81-923f-ed08718cb5a7,2021,117385
Obelia bidentata,45.078967,-67.096017,f0abfac5-114a-4e81-923f-ed08718cb5a7,2019,117385
Obelia bidentata,45.078967,-67.096017,83040ea6-0e87-4e4e-937d-1b826349c464,2019,117385
Obelia dichotoma,45.07958,-67.09731,83040ea6-0e87-4e4e-937d-1b826349c464,2021,117386
Obelia dichotoma,45.067983,-66.719483,56f7bb50-8b87-48cc-815d-379780b0f5b0,2018,117386
Obelia dichotoma,44.93678,-66.9828,56f7bb50-8b87-48cc-815d-379780b0f5b0,2018,117386
Obelia dichotoma,42.5215988159,-70.881652832,4da23d30-af8d-48f3-977a-4e24394e2e8c,2007,117386
Obelia dichotoma,41.21667099,-67.2549972534,89e23fc8-3f61-4480-9de3-358fe6eefe0b,1983,117386
Obelia dichotoma,42.6104011536,-70.6588897705,4da23d30-af8d-48f3-977a-4e24394e2e8c,2007,117386
Obelia dichotoma,45.082517,-67.096267,83040ea6-0e87-4e4e-937d-1b826349c464,2020,117386
Obelia dichotoma,45.067983,-66.719483,56f7bb50-8b87-48cc-815d-379780b0f5b0,2018,117386
Obelia dichotoma,42.357219696,-71.0497207642,4da23d30-af8d-48f3-977a-4e24394e2e8c,2003,117386
Obelia dichotoma,44.9396,-66.838983,83040ea6-0e87-4e4e-937d-1b826349c464,2020,117386
Obelia dichotoma,45.078183,-67.095567,f0abfac5-114a-4e81-923f-ed08718cb5a7,2021,117386
Obelia dichotoma,44.87739,-66.9674,03a59000-2c24-439d-abae-050033362528,2018,117386
Obelia dichotoma,45.050267,-66.780783,56f7bb50-8b87-48cc-815d-379780b0f5b0,2018,117386
Obelia dichotoma,45.067983,-66.719483,03a59000-2c24-439d-abae-050033362528,2018,117386
Obelia dichotoma,44.93451,-66.9813,03a59000-2c24-439d-abae-050033362528,2018,117386
Obelia dichotoma,45.067983,-66.719483,56f7bb50-8b87-48cc-815d-379780b0f5b0,2018,117386
Obelia dichotoma,45.08565,-67.0965,83040ea6-0e87-4e4e-937d-1b826349c464,2020,117386
Obelia dichotoma,45.067983,-66.719483,56f7bb50-8b87-48cc-815d-379780b0f5b0,2018,117386
Obelia dichotoma,44.93538,-66.9816,03a59000-2c24-439d-abae-050033362528,2018,117386
Obelia dichotoma,44.9396,-66.838983,83040ea6-0e87-4e4e-937d-1b826349c464,2021,117386
Obelia dichotoma,45.082517,-67.096267,83040ea6-0e87-4e4e-937d-1b826349c464,2021,117386
Obelia dichotoma,44.936233,-66.837517,83040ea6-0e87-4e4e-937d-1b826349c464,2021,117386
Obelia dichotoma,45.049517,-66.782067,56f7bb50-8b87-48cc-815d-379780b0f5b0,2018,117386
Obelia dichotoma,44.9396,-66.838983,83040ea6-0e87-4e4e-937d-1b826349c464,2020,117386
Obelia dichotoma,43.844379425,-69.6408233643,4da23d30-af8d-48f3-977a-4e24394e2e8c,2007,117386
Obelia dichotoma,41.771068573,-70.5023727417,4da23d30-af8d-48f3-977a-4e24394e2e8c,2007,117386
Obelia dichotoma,45.07958,-67.09731,83040ea6-0e87-4e4e-937d-1b826349c464,2021,117386
Obelia dichotoma,44.87875,-66.9662,03a59000-2c24-439d-abae-050033362528,2018,117386
Obelia dichotoma,44.8774,-66.96732,03a59000-2c24-439d-abae-050033362528,2018,117386
Obelia dichotoma,45.07958,-67.09731,83040ea6-0e87-4e4e-937d-1b826349c464,2021,117386
Obelia dichotoma,44.93336,-66.9824,03a59000-2c24-439d-abae-050033362528,2018,117386
Obelia dichotoma,45.078967,-67.096017,83040ea6-0e87-4e4e-937d-1b826349c464,2019,117386
Obelia dichotoma,44.8774,-66.96732,03a59000-2c24-439d-abae-050033362528,2018,117386
Obelia dichotoma,45.078183,-67.095567,83040ea6-0e87-4e4e-937d-1b826349c464,2021,117386
Obelia dichotoma,44.878583,-66.9656,03a59000-2c24-439d-abae-050033362528,2018,117386
Obelia dichotoma,45.078967,-67.096017,83040ea6-0e87-4e4e-937d-1b826349c464,2019,117386
Obelia dichotoma,43.0717163086,-70.7105331421,4da23d30-af8d-48f3-977a-4e24394e2e8c,2003,117386
Obelia dichotoma,45.067983,-66.719483,03a59000-2c24-439d-abae-050033362528,2018,117386
Obelia dichotoma,45.07958,-67.09731,83040ea6-0e87-4e4e-937d-1b826349c464,2021,117386
Obelia dichotoma,45.078967,-67.096017,83040ea6-0e87-4e4e-937d-1b826349c464,2019,117386
Obelia dichotoma,45.078183,-67.095567,f0abfac5-114a-4e81-923f-ed08718cb5a7,2021,117386
Obelia dichotoma,44.87907,-66.9667,03a59000-2c24-439d-abae-050033362528,2018,117386
Obelia dichotoma,45.0823,-67.088083,83040ea6-0e87-4e4e-937d-1b826349c464,2021,117386
Obelia dichotoma,44.87875,-66.96618,03a59000-2c24-439d-abae-050033362528,2018,117386
Obelia dichotoma,45.062083,-66.732933,56f7bb50-8b87-48cc-815d-379780b0f5b0,2018,117386
Obelia dichotoma,45.03265,-67.00965,03a59000-2c24-439d-abae-050033362528,2018,117386
Obelia dichotoma,44.9424,-66.8518,83040ea6-0e87-4e4e-937d-1b826349c464,2019,117386
Obelia dichotoma,44.879083,-66.966733,03a59000-2c24-439d-abae-050033362528,2018,117386
Obelia dichotoma,44.93678,-66.9828,03a59000-2c24-439d-abae-050033362528,2018,117386
Obelia dichotoma,44.87727,-66.9699,03a59000-2c24-439d-abae-050033362528,2018,117386
Obelia dichotoma,44.8798,-66.9674,03a59000-2c24-439d-abae-050033362528,2018,117386
Obelia dichotoma,44.877267,-66.969967,03a59000-2c24-439d-abae-050033362528,2018,117386
Obelia dichotoma,45.062083,-66.732933,56f7bb50-8b87-48cc-815d-379780b0f5b0,2018,117386
Obelia dichotoma,45.07958,-67.09731,83040ea6-0e87-4e4e-937d-1b826349c464,2021,117386
Obelia dichotoma,45.03066,-67.0071,03a59000-2c24-439d-abae-050033362528,2018,117386
Obelia dichotoma,44.878683,-66.968867,03a59000-2c24-439d-abae-050033362528,2018,117386
Obelia dichotoma,45.0823,-67.088083,f0abfac5-114a-4e81-923f-ed08718cb5a7,2021,117386
Obelia dichotoma,44.87875,-66.9662,56f7bb50-8b87-48cc-815d-379780b0f5b0,2018,117386
Obelia dichotoma,44.9424,-66.8518,83040ea6-0e87-4e4e-937d-1b826349c464,2019,117386
Obelia dichotoma,45.062083,-66.732933,56f7bb50-8b87-48cc-815d-379780b0f5b0,2018,117386
Obelia dichotoma,44.93538,-66.9816,56f7bb50-8b87-48cc-815d-379780b0f5b0,2018,117386
Obelia dichotoma,45.0853,-67.0988,83040ea6-0e87-4e4e-937d-1b826349c464,2020,117386
Obelia dichotoma,44.93563,-66.984,56f7bb50-8b87-48cc-815d-379780b0f5b0,2018,117386
Obelia dichotoma,45.067983,-66.719483,56f7bb50-8b87-48cc-815d-379780b0f5b0,2018,117386
Obelia dichotoma,45.07958,-67.09731,83040ea6-0e87-4e4e-937d-1b826349c464,2021,117386
Obelia dichotoma,45.078967,-67.096017,83040ea6-0e87-4e4e-937d-1b826349c464,2019,117386
Obelia dichotoma,45.030467,-67.007183,56f7bb50-8b87-48cc-815d-379780b0f5b0,2018,117386
Obelia dichotoma,45.082517,-67.096267,f0abfac5-114a-4e81-923f-ed08718cb5a7,2021,117386
Obelia dichotoma,45.067983,-66.719483,03a59000-2c24-439d-abae-050033362528,2018,117386
Obelia dichotoma,45.049517,-66.782067,56f7bb50-8b87-48cc-815d-379780b0f5b0,2018,117386
Obelia dichotoma,42.8997383118,-70.8179702759,4da23d30-af8d-48f3-977a-4e24394e2e8c,2007,117386
Obelia dichotoma,44.942933,-66.8464,83040ea6-0e87-4e4e-937d-1b826349c464,2021,117386
Obelia dichotoma,45.077033,-67.095867,83040ea6-0e87-4e4e-937d-1b826349c464,2021,117386
Obelia dichotoma,42.5215988159,-70.881652832,4da23d30-af8d-48f3-977a-4e24394e2e8c,2003,117386
Obelia dichotoma,42.5999984741,-70.6500015259,89e23fc8-3f61-4480-9de3-358fe6eefe0b,1878,117386
Obelia dichotoma,44.942967,-66.8464,f0abfac5-114a-4e81-923f-ed08718cb5a7,2019,117386
Obelia dichotoma,45.0823,-67.088083,83040ea6-0e87-4e4e-937d-1b826349c464,2021,117386
Obelia dichotoma,45.03265,-67.00965,56f7bb50-8b87-48cc-815d-379780b0f5b0,2018,117386
Obelia dichotoma,44.878683,-66.968867,56f7bb50-8b87-48cc-815d-379780b0f5b0,2018,117386
Obelia dichotoma,44.9424,-66.8518,83040ea6-0e87-4e4e-937d-1b826349c464,2019,117386
Obelia dichotoma,45.062083,-66.732933,56f7bb50-8b87-48cc-815d-379780b0f5b0,2018,117386
Obelia dichotoma,44.9396,-66.838983,f0abfac5-114a-4e81-923f-ed08718cb5a7,2020,117386
Obelia dichotoma,45.030467,-67.007183,03a59000-2c24-439d-abae-050033362528,2018,117386
Obelia dichotoma,45.049517,-66.782067,03a59000-2c24-439d-abae-050033362528,2018,117386
Obelia dichotoma,44.9424,-66.8518,83040ea6-0e87-4e4e-937d-1b826349c464,2019,117386
Obelia dichotoma,45.081717,-67.096533,83040ea6-0e87-4e4e-937d-1b826349c464,2019,117386
Obelia dichotoma,41.85,-70.08,290b7eb4-8ab9-4b3f-8b10-30f8fa5e4d37,1969,117386
Obelia dichotoma,45.08565,-67.0965,83040ea6-0e87-4e4e-937d-1b826349c464,2020,117386
Obelia dichotoma,45.062083,-66.732933,56f7bb50-8b87-48cc-815d-379780b0f5b0,2018,117386
Obelia dichotoma,45.062083,-66.732933,03a59000-2c24-439d-abae-050033362528,2018,117386
Obelia dichotoma,44.878683,-66.968867,03a59000-2c24-439d-abae-050033362528,2018,117386
Obelia dichotoma,45.03271,-67.0064,56f7bb50-8b87-48cc-815d-379780b0f5b0,2018,117386
Obelia dichotoma,45.0749,-67.0925,83040ea6-0e87-4e4e-937d-1b826349c464,2021,117386
Obelia dichotoma,40.8950004578,-66.7750015259,89e23fc8-3f61-4480-9de3-358fe6eefe0b,1982,117386
Obelia dichotoma,44.93451,-66.9813,56f7bb50-8b87-48cc-815d-379780b0f5b0,2018,117386
Obelia dichotoma,44.942967,-66.8464,83040ea6-0e87-4e4e-937d-1b826349c464,2019,117386
Obelia dichotoma,45.0853,-67.0988,83040ea6-0e87-4e4e-937d-1b826349c464,2020,117386
Obelia dichotoma,45.07958,-67.09731,83040ea6-0e87-4e4e-937d-1b826349c464,2021,117386
Obelia dichotoma,45.067983,-66.719483,56f7bb50-8b87-48cc-815d-379780b0f5b0,2018,117386
Obelia dichotoma,45.062083,-66.732933,56f7bb50-8b87-48cc-815d-379780b0f5b0,2018,117386
Obelia dichotoma,44.87865,-66.9688,56f7bb50-8b87-48cc-815d-379780b0f5b0,2018,117386
Obelia dichotoma,44.942933,-66.8464,83040ea6-0e87-4e4e-937d-1b826349c464,2021,117386
Obelia dichotoma,45.078967,-67.096017,83040ea6-0e87-4e4e-937d-1b826349c464,2019,117386
Obelia dichotoma,45.067983,-66.719483,56f7bb50-8b87-48cc-815d-379780b0f5b0,2018,117386
Obelia dichotoma,44.87907,-66.9667,03a59000-2c24-439d-abae-050033362528,2018,117386
Obelia dichotoma,45.082517,-67.096267,83040ea6-0e87-4e4e-937d-1b826349c464,2021,117386
Obelia dichotoma,45.049517,-66.782067,03a59000-2c24-439d-abae-050033362528,2018,117386
Obelia dichotoma,45.02957,-67.0047,03a59000-2c24-439d-abae-050033362528,2018,117386
Obelia dichotoma,44.936833,-66.842183,f0abfac5-114a-4e81-923f-ed08718cb5a7,2020,117386
Obelia dichotoma,45.029483,-67.0048,03a59000-2c24-439d-abae-050033362528,2018,117386
Obelia dichotoma,45.0823,-67.088083,83040ea6-0e87-4e4e-937d-1b826349c464,2021,117386
Obelia dichotoma,44.93563,-66.984,03a59000-2c24-439d-abae-050033362528,2018,117386
Obelia dichotoma,42.8992156982,-70.8179855347,4da23d30-af8d-48f3-977a-4e24394e2e8c,2003,117386
Obelia dichotoma,45.050267,-66.780783,56f7bb50-8b87-48cc-815d-379780b0f5b0,2018,117386
Obelia dichotoma,45.078967,-67.096017,83040ea6-0e87-4e4e-937d-1b826349c464,2019,117386
Obelia dichotoma,45.078183,-67.095567,83040ea6-0e87-4e4e-937d-1b826349c464,2021,117386
Obelia dichotoma,42.357219696,-71.0497207642,4da23d30-af8d-48f3-977a-4e24394e2e8c,2007,117386
Obelia dichotoma,45.0853,-67.0988,83040ea6-0e87-4e4e-937d-1b826349c464,2020,117386
Obelia dichotoma,44.942933,-66.8464,83040ea6-0e87-4e4e-937d-1b826349c464,2021,117386
Obelia dichotoma,44.93538,-66.9816,03a59000-2c24-439d-abae-050033362528,2018,117386
Obelia dichotoma,45.078967,-67.096017,83040ea6-0e87-4e4e-937d-1b826349c464,2019,117386
Obelia dichotoma,45.062083,-66.732933,56f7bb50-8b87-48cc-815d-379780b0f5b0,2018,117386
Obelia dichotoma,45.03265,-67.00965,03a59000-2c24-439d-abae-050033362528,2018,117386
Obelia dichotoma,45.078967,-67.096017,83040ea6-0e87-4e4e-937d-1b826349c464,2019,117386
Obelia dichotoma,43.8209381104,-70.1052932739,4da23d30-af8d-48f3-977a-4e24394e2e8c,2007,117386
Obelia dichotoma,44.8798,-66.9674,03a59000-2c24-439d-abae-050033362528,2018,117386
Obelia dichotoma,45.049517,-66.782067,56f7bb50-8b87-48cc-815d-379780b0f5b0,2018,117386
Obelia dichotoma,45.0749,-67.0925,83040ea6-0e87-4e4e-937d-1b826349c464,2021,117386
Obelia dichotoma,45.029483,-67.0048,56f7bb50-8b87-48cc-815d-379780b0f5b0,2018,117386
Obelia dichotoma,45.08565,-67.0965,83040ea6-0e87-4e4e-937d-1b826349c464,2020,117386
Obelia dichotoma,44.936833,-66.842183,83040ea6-0e87-4e4e-937d-1b826349c464,2020,117386
Obelia dichotoma,44.936233,-66.837517,83040ea6-0e87-4e4e-937d-1b826349c464,2021,117386
Obelia dichotoma,44.9178009033,-66.9964523315,4da23d30-af8d-48f3-977a-4e24394e2e8c,2005,117386
Obelia dichotoma,45.067983,-66.719483,56f7bb50-8b87-48cc-815d-379780b0f5b0,2018,117386
Obelia dichotoma,45.0327,-67.006417,56f7bb50-8b87-48cc-815d-379780b0f5b0,2018,117386
Obelia dichotoma,44.936833,-66.842183,83040ea6-0e87-4e4e-937d-1b826349c464,2020,117386
Obelia dichotoma,44.878683,-66.968867,03a59000-2c24-439d-abae-050033362528,2018,117386
Obelia dichotoma,44.934167,-66.840583,83040ea6-0e87-4e4e-937d-1b826349c464,2021,117386
Obelia dichotoma,44.87875,-66.96618,03a59000-2c24-439d-abae-050033362528,2018,117386
Obelia dichotoma,43.6793556213,-70.2527999878,4da23d30-af8d-48f3-977a-4e24394e2e8c,2007,117386
Obelia dichotoma,44.9424,-66.8518,83040ea6-0e87-4e4e-937d-1b826349c464,2019,117386
Obelia dichotoma,45.0749,-67.0925,83040ea6-0e87-4e4e-937d-1b826349c464,2021,117386
Obelia dichotoma,45.081717,-67.096533,83040ea6-0e87-4e4e-937d-1b826349c464,2019,117386
Obelia dichotoma,40.8950004578,-66.7750015259,89e23fc8-3f61-4480-9de3-358fe6eefe0b,1982,117386
Obelia dichotoma,45.07958,-67.09731,83040ea6-0e87-4e4e-937d-1b826349c464,2021,117386
Obelia dichotoma,44.940617,-66.841983,83040ea6-0e87-4e4e-937d-1b826349c464,2020,117386
Obelia dichotoma,45.077033,-67.095867,f0abfac5-114a-4e81-923f-ed08718cb5a7,2021,117386
Obelia dichotoma,44.9396,-66.838983,83040ea6-0e87-4e4e-937d-1b826349c464,2020,117386
Obelia dichotoma,45.08565,-67.0965,83040ea6-0e87-4e4e-937d-1b826349c464,2020,117386
Obelia dichotoma,43.6495780945,-70.2308807373,4da23d30-af8d-48f3-977a-4e24394e2e8c,2007,117386
Obelia dichotoma,45.082517,-67.096267,f0abfac5-114a-4e81-923f-ed08718cb5a7,2021,117386
Obelia dichotoma,44.942933,-66.8464,83040ea6-0e87-4e4e-937d-1b826349c464,2021,117386
Obelia dichotoma,45.050267,-66.780783,56f7bb50-8b87-48cc-815d-379780b0f5b0,2018,117386
Obelia dichotoma,44.936833,-66.842183,83040ea6-0e87-4e4e-937d-1b826349c464,2020,117386
Obelia dichotoma,44.87739,-66.9674,03a59000-2c24-439d-abae-050033362528,2018,117386
Obelia dichotoma,45.050267,-66.780783,56f7bb50-8b87-48cc-815d-379780b0f5b0,2018,117386
Obelia dichotoma,45.067983,-66.719483,56f7bb50-8b87-48cc-815d-379780b0f5b0,2018,117386
Obelia dichotoma,45.062083,-66.732933,56f7bb50-8b87-48cc-815d-379780b0f5b0,2018,117386
Obelia dichotoma,44.938067,-66.844117,83040ea6-0e87-4e4e-937d-1b826349c464,2021,117386
Obelia dichotoma,44.936233,-66.837517,83040ea6-0e87-4e4e-937d-1b826349c464,2021,117386
Obelia dichotoma,42.5083312988,-70.6330032349,89e23fc8-3f61-4480-9de3-358fe6eefe0b,1878,117386
Obelia dichotoma,44.9424,-66.8518,83040ea6-0e87-4e4e-937d-1b826349c464,2019,117386
Obelia dichotoma,44.87727,-66.9699,03a59000-2c24-439d-abae-050033362528,2018,117386
Obelia dichotoma,44.9396,-66.838983,83040ea6-0e87-4e4e-937d-1b826349c464,2021,117386
Obelia dichotoma,44.87865,-66.9688,03a59000-2c24-439d-abae-050033362528,2018,117386
Obelia dichotoma,42.516998291,-70.6169967651,89e23fc8-3f61-4480-9de3-358fe6eefe0b,1878,117386
Obelia dichotoma,45.078967,-67.096017,83040ea6-0e87-4e4e-937d-1b826349c464,2019,117386
Obelia dichotoma,44.87875,-66.96618,03a59000-2c24-439d-abae-050033362528,2018,117386
Obelia dichotoma,44.9396,-66.838983,f0abfac5-114a-4e81-923f-ed08718cb5a7,2020,117386
Obelia dichotoma,44.934167,-66.840583,f0abfac5-114a-4e81-923f-ed08718cb5a7,2021,117386
Obelia dichotoma,45.049517,-66.782067,56f7bb50-8b87-48cc-815d-379780b0f5b0,2018,117386
Obelia dichotoma,45.082517,-67.096267,83040ea6-0e87-4e4e-937d-1b826349c464,2020,117386
Obelia dichotoma,44.939333,-66.838333,83040ea6-0e87-4e4e-937d-1b826349c464,2021,117386
Obelia dichotoma,44.934167,-66.840583,83040ea6-0e87-4e4e-937d-1b826349c464,2021,117386
Obelia dichotoma,44.942933,-66.8464,83040ea6-0e87-4e4e-937d-1b826349c464,2021,117386
Obelia dichotoma,44.877267,-66.969967,03a59000-2c24-439d-abae-050033362528,2018,117386
Obelia dichotoma,45.07958,-67.09731,83040ea6-0e87-4e4e-937d-1b826349c464,2021,117386
Obelia dichotoma,44.93563,-66.984,03a59000-2c24-439d-abae-050033362528,2018,117386
Obelia dichotoma,45.050267,-66.780783,56f7bb50-8b87-48cc-815d-379780b0f5b0,2018,117386
Obelia dichotoma,45.078967,-67.096017,83040ea6-0e87-4e4e-937d-1b826349c464,2019,117386
Obelia dichotoma,45.062083,-66.732933,56f7bb50-8b87-48cc-815d-379780b0f5b0,2018,117386
Obelia dichotoma,44.942933,-66.8464,83040ea6-0e87-4e4e-937d-1b826349c464,2021,117386
Obelia dichotoma,45.0853,-67.0988,83040ea6-0e87-4e4e-937d-1b826349c464,2020,117386
Obelia dichotoma,45.078183,-67.095567,f0abfac5-114a-4e81-923f-ed08718cb5a7,2021,117386
Obelia dichotoma,45.082517,-67.096267,83040ea6-0e87-4e4e-937d-1b826349c464,2020,117386
Obelia dichotoma,44.942933,-66.8464,83040ea6-0e87-4e4e-937d-1b826349c464,2021,117386
Obelia dichotoma,45.062083,-66.732933,03a59000-2c24-439d-abae-050033362528,2018,117386
Obelia dichotoma,45.078967,-67.096017,83040ea6-0e87-4e4e-937d-1b826349c464,2019,117386
Obelia dichotoma,44.878683,-66.968867,03a59000-2c24-439d-abae-050033362528,2018,117386
Obelia dichotoma,42.1083297729,-70.3000030518,89e23fc8-3f61-4480-9de3-358fe6eefe0b,1879,117386
Obelia dichotoma,44.9424,-66.8518,83040ea6-0e87-4e4e-937d-1b826349c464,2019,117386
Obelia dichotoma,45.062083,-66.732933,03a59000-2c24-439d-abae-050033362528,2018,117386
Obelia dichotoma,44.93678,-66.9828,03a59000-2c24-439d-abae-050033362528,2018,117386
Obelia dichotoma,44.87875,-66.96618,56f7bb50-8b87-48cc-815d-379780b0f5b0,2018,117386
Obelia dichotoma,44.877267,-66.969967,56f7bb50-8b87-48cc-815d-379780b0f5b0,2018,117386
Obelia dichotoma,44.877067,-66.969483,03a59000-2c24-439d-abae-050033362528,2018,117386
Obelia dichotoma,45.029617,-67.006667,03a59000-2c24-439d-abae-050033362528,2018,117386
Obelia dichotoma,45.062083,-66.732933,56f7bb50-8b87-48cc-815d-379780b0f5b0,2018,117386
Obelia dichotoma,45.067983,-66.719483,56f7bb50-8b87-48cc-815d-379780b0f5b0,2018,117386
Obelia dichotoma,44.938067,-66.844117,83040ea6-0e87-4e4e-937d-1b826349c464,2021,117386
Obelia dichotoma,45.0835342407,-67.1086196899,4da23d30-af8d-48f3-977a-4e24394e2e8c,2005,117386
Obelia dichotoma,44.879083,-66.966733,03a59000-2c24-439d-abae-050033362528,2018,117386
Obelia dichotoma,45.07958,-67.09731,83040ea6-0e87-4e4e-937d-1b826349c464,2021,117386
Obelia dichotoma,44.936833,-66.842183,f0abfac5-114a-4e81-923f-ed08718cb5a7,2020,117386
Obelia dichotoma,45.062083,-66.732933,03a59000-2c24-439d-abae-050033362528,2018,117386
Obelia dichotoma,44.942933,-66.8464,83040ea6-0e87-4e4e-937d-1b826349c464,2021,117386
Obelia dichotoma,44.9424,-66.8518,83040ea6-0e87-4e4e-937d-1b826349c464,2019,117386
Obelia dichotoma,44.93336,-66.9824,56f7bb50-8b87-48cc-815d-379780b0f5b0,2018,117386
Obelia dichotoma,45.082517,-67.096267,f0abfac5-114a-4e81-923f-ed08718cb5a7,2020,117386
Obelia dichotoma,45.078967,-67.096017,f0abfac5-114a-4e81-923f-ed08718cb5a7,2019,117386
Obelia dichotoma,41.97,-70.13,290b7eb4-8ab9-4b3f-8b10-30f8fa5e4d37,1967,117386
Obelia dichotoma,44.879083,-66.966733,03a59000-2c24-439d-abae-050033362528,2018,117386
Obelia dichotoma,44.934167,-66.840583,83040ea6-0e87-4e4e-937d-1b826349c464,2021,117386
Obelia dichotoma,45.062083,-66.732933,56f7bb50-8b87-48cc-815d-379780b0f5b0,2018,117386
Obelia dichotoma,43.6329994202,-70.0500030518,89e23fc8-3f61-4480-9de3-358fe6eefe0b,1873,117386
Obelia dichotoma,45.077033,-67.095867,f0abfac5-114a-4e81-923f-ed08718cb5a7,2021,117386
Obelia dichotoma,45.062083,-66.732933,03a59000-2c24-439d-abae-050033362528,2018,117386
Obelia dichotoma,44.878683,-66.968867,56f7bb50-8b87-48cc-815d-379780b0f5b0,2018,117386
Obelia dichotoma,44.877267,-66.969967,03a59000-2c24-439d-abae-050033362528,2018,117386
Obelia dichotoma,45.0823,-67.088083,f0abfac5-114a-4e81-923f-ed08718cb5a7,2021,117386
Obelia dichotoma,44.936833,-66.842183,83040ea6-0e87-4e4e-937d-1b826349c464,2020,117386
Obelia dichotoma,44.879083,-66.966733,03a59000-2c24-439d-abae-050033362528,2018,117386
Obelia dichotoma,41.87,-70.04,290b7eb4-8ab9-4b3f-8b10-30f8fa5e4d37,1967,117386
Obelia dichotoma,44.934167,-66.840583,f0abfac5-114a-4e81-923f-ed08718cb5a7,2021,117386
Obelia dichotoma,45.07958,-67.09731,83040ea6-0e87-4e4e-937d-1b826349c464,2021,117386
Obelia dichotoma,43.6496,-70.23,1fcedb90-b2ea-4476-8faf-f2ff5964ac58,1992,117386
Obelia dichotoma,41.89,-70.08,290b7eb4-8ab9-4b3f-8b10-30f8fa5e4d37,1969,117386
Obelia dichotoma,45.077033,-67.095867,83040ea6-0e87-4e4e-937d-1b826349c464,2021,117386
Harmothoe imbricata,45.067983,-66.719483,56f7bb50-8b87-48cc-815d-379780b0f5b0,2018,130769
Harmothoe imbricata,45.062083,-66.732933,56f7bb50-8b87-48cc-815d-379780b0f5b0,2018,130769
Harmothoe imbricata,45.086517,-67.100067,83040ea6-0e87-4e4e-937d-1b826349c464,2019,130769
Harmothoe imbricata,42.3472213745,-70.9599990845,4da23d30-af8d-48f3-977a-4e24394e2e8c,2000,130769
Harmothoe imbricata,40.9500007629,-67.5329971313,e7c86904-aac7-4a17-a895-99a54c430d80,1979,130769
Harmothoe imbricata,44.2200012207,-68.5199966431,41a50544-957c-4193-8bbf-25a25f749e85,2002,130769
Harmothoe imbricata,44.871111,-67.1494,ce1d93f3-8b0f-4ee7-9a4d-0393a6ec7fea,2009,130769
Harmothoe imbricata,45.067983,-66.719483,56f7bb50-8b87-48cc-815d-379780b0f5b0,2018,130769
Harmothoe imbricata,45.082517,-67.096267,83040ea6-0e87-4e4e-937d-1b826349c464,2020,130769
Harmothoe imbricata,43.9350814819,-69.5811233521,4da23d30-af8d-48f3-977a-4e24394e2e8c,2007,130769
Harmothoe imbricata,45.07958,-67.09731,83040ea6-0e87-4e4e-937d-1b826349c464,2021,130769
Harmothoe imbricata,44.1650009155,-69.0530014038,41a50544-957c-4193-8bbf-25a25f749e85,2001,130769
Harmothoe imbricata,42.6104011536,-70.6588897705,4da23d30-af8d-48f3-977a-4e24394e2e8c,2007,130769
Harmothoe imbricata,45.062083,-66.732933,56f7bb50-8b87-48cc-815d-379780b0f5b0,2018,130769
Harmothoe imbricata,44.93678,-66.9828,56f7bb50-8b87-48cc-815d-379780b0f5b0,2018,130769
Harmothoe imbricata,45.067983,-66.719483,56f7bb50-8b87-48cc-815d-379780b0f5b0,2018,130769
Harmothoe imbricata,44.870833,-67.1492,ce1d93f3-8b0f-4ee7-9a4d-0393a6ec7fea,2011,130769
Harmothoe imbricata,41.8721,-70.1284,43b58971-4fda-4210-a6ef-654fe0ce226d,2004,130769
Harmothoe imbricata,42.357219696,-71.0497207642,4da23d30-af8d-48f3-977a-4e24394e2e8c,2003,130769
Harmothoe imbricata,45.062083,-66.732933,56f7bb50-8b87-48cc-815d-379780b0f5b0,2018,130769
Harmothoe imbricata,41.9627799988,-70.6666183472,4da23d30-af8d-48f3-977a-4e24394e2e8c,2000,130769
Harmothoe imbricata,44.8707777778,-67.1490833333,0c59dc30-4b06-4572-addc-155042f81fd0,2008,130769
Harmothoe imbricata,44.9424,-66.8518,83040ea6-0e87-4e4e-937d-1b826349c464,2019,130769
Harmothoe imbricata,45.062083,-66.732933,56f7bb50-8b87-48cc-815d-379780b0f5b0,2018,130769
Harmothoe imbricata,44.2094802856,-69.0612869263,4da23d30-af8d-48f3-977a-4e24394e2e8c,2007,130769
Harmothoe imbricata,44.934167,-66.840583,83040ea6-0e87-4e4e-937d-1b826349c464,2021,130769
Harmothoe imbricata,45.062083,-66.732933,56f7bb50-8b87-48cc-815d-379780b0f5b0,2018,130769
Harmothoe imbricata,43.6495780945,-70.2308807373,4da23d30-af8d-48f3-977a-4e24394e2e8c,2007,130769
Harmothoe imbricata,45.00331,-66.913167,0c59dc30-4b06-4572-addc-155042f81fd0,2009,130769
Harmothoe imbricata,45.0035,-66.9134,ce1d93f3-8b0f-4ee7-9a4d-0393a6ec7fea,2008,130769
Harmothoe imbricata,45.049517,-66.782067,56f7bb50-8b87-48cc-815d-379780b0f5b0,2018,130769
Harmothoe imbricata,41.9000015259,-70.1500015259,41a50544-957c-4193-8bbf-25a25f749e85,2001,130769
Harmothoe imbricata,45.07958,-67.09731,83040ea6-0e87-4e4e-937d-1b826349c464,2021,130769
Harmothoe imbricata,44.870423,-67.1493,0c59dc30-4b06-4572-addc-155042f81fd0,2007,130769
Harmothoe imbricata,42.2900009155,-71.0400009155,41a50544-957c-4193-8bbf-25a25f749e85,2001,130769
Harmothoe imbricata,45.062083,-66.732933,56f7bb50-8b87-48cc-815d-379780b0f5b0,2018,130769
Harmothoe imbricata,45.003611,-66.9133,ce1d93f3-8b0f-4ee7-9a4d-0393a6ec7fea,2009,130769
Harmothoe imbricata,45.067983,-66.719483,56f7bb50-8b87-48cc-815d-379780b0f5b0,2018,130769
Harmothoe imbricata,44.9128,-67.148611,ce1d93f3-8b0f-4ee7-9a4d-0393a6ec7fea,2008,130769
Harmothoe imbricata,42.5215988159,-70.881652832,4da23d30-af8d-48f3-977a-4e24394e2e8c,2003,130769
Harmothoe imbricata,45.078183,-67.095567,83040ea6-0e87-4e4e-937d-1b826349c464,2021,130769
Harmothoe imbricata,41.8330001831,-69.4670028687,e7c86904-aac7-4a17-a895-99a54c430d80,1979,130769
Harmothoe imbricata,42.00365,-70.50367,43b58971-4fda-4210-a6ef-654fe0ce226d,2004,130769
Harmothoe imbricata,44.1026115417,-69.0645675659,b6ec1b5a-0cd3-4469-bf41-e68685ef0a54,1982,130769
Harmothoe imbricata,44.936833,-66.842183,83040ea6-0e87-4e4e-937d-1b826349c464,2020,130769
Harmothoe imbricata,45.0037,-66.9133,0c59dc30-4b06-4572-addc-155042f81fd0,2009,130769
Harmothoe imbricata,45.067983,-66.719483,56f7bb50-8b87-48cc-815d-379780b0f5b0,2018,130769
Harmothoe imbricata,44.871111,-67.1497,ce1d93f3-8b0f-4ee7-9a4d-0393a6ec7fea,2009,130769
Harmothoe imbricata,42.419543,-70.90718,9d629feb-ba03-4a83-908c-794d94d30531,2020,130769
Harmothoe imbricata,44.0499992371,-68.7399978638,41a50544-957c-4193-8bbf-25a25f749e85,2001,130769
Harmothoe imbricata,44.8711,-67.149167,ce1d93f3-8b0f-4ee7-9a4d-0393a6ec7fea,2008,130769
Harmothoe imbricata,45.05555,-66.82695,ce1d93f3-8b0f-4ee7-9a4d-0393a6ec7fea,2013,130769
Harmothoe imbricata,45.07958,-67.09731,f0abfac5-114a-4e81-923f-ed08718cb5a7,2021,130769
Harmothoe imbricata,42.5970001221,-70.6819992065,41a50544-957c-4193-8bbf-25a25f749e85,2001,130769
Harmothoe imbricata,42.5480003357,-70.8349990845,41a50544-957c-4193-8bbf-25a25f749e85,2000,130769
Harmothoe imbricata,45.1500015259,-67.1500015259,41a50544-957c-4193-8bbf-25a25f749e85,2001,130769
Harmothoe imbricata,45.0038,-66.9134,0c59dc30-4b06-4572-addc-155042f81fd0,2009,130769
Harmothoe imbricata,44.870569,-67.1493,0c59dc30-4b06-4572-addc-155042f81fd0,2007,130769
Harmothoe imbricata,42.633335,-66.1333,ce1d93f3-8b0f-4ee7-9a4d-0393a6ec7fea,1984,130769
Harmothoe imbricata,43.8209381104,-70.1052932739,4da23d30-af8d-48f3-977a-4e24394e2e8c,2007,130769
Harmothoe imbricata,44.936833,-66.842183,83040ea6-0e87-4e4e-937d-1b826349c464,2020,130769
Harmothoe imbricata,45.062083,-66.732933,56f7bb50-8b87-48cc-815d-379780b0f5b0,2018,130769
Harmothoe imbricata,42.5400009155,-70.8300018311,41a50544-957c-4193-8bbf-25a25f749e85,2000,130769
Harmothoe imbricata,44.877267,-66.969967,56f7bb50-8b87-48cc-815d-379780b0f5b0,2018,130769
Harmothoe imbricata,43.7019996643,-69.8799972534,41a50544-957c-4193-8bbf-25a25f749e85,2000,130769
Harmothoe imbricata,45.062083,-66.732933,56f7bb50-8b87-48cc-815d-379780b0f5b0,2018,130769
Harmothoe imbricata,45.003333,-66.9131,ce1d93f3-8b0f-4ee7-9a4d-0393a6ec7fea,2009,130769
Harmothoe imbricata,43.6450004578,-70.2860031128,41a50544-957c-4193-8bbf-25a25f749e85,2000,130769
Harmothoe imbricata,44.942933,-66.8464,83040ea6-0e87-4e4e-937d-1b826349c464,2021,130769
Harmothoe imbricata,45.062083,-66.732933,56f7bb50-8b87-48cc-815d-379780b0f5b0,2018,130769
Harmothoe imbricata,44.2599983215,-68.4499969482,41a50544-957c-4193-8bbf-25a25f749e85,2001,130769
Harmothoe imbricata,44.1300010681,-68.4499969482,41a50544-957c-4193-8bbf-25a25f749e85,2002,130769
Harmothoe imbricata,44.87118,-67.1493,0c59dc30-4b06-4572-addc-155042f81fd0,2007,130769
Harmothoe imbricata,45.003435,-66.913277,0c59dc30-4b06-4572-addc-155042f81fd0,2007,130769
Harmothoe imbricata,44.870556,-67.1494,ce1d93f3-8b0f-4ee7-9a4d-0393a6ec7fea,2009,130769
Harmothoe imbricata,42.609722,-65.7794,ce1d93f3-8b0f-4ee7-9a4d-0393a6ec7fea,1983,130769
Harmothoe imbricata,43.68,-70.188,1fcedb90-b2ea-4476-8faf-f2ff5964ac58,2003,130769
Harmothoe imbricata,44.8711,-67.1492,ce1d93f3-8b0f-4ee7-9a4d-0393a6ec7fea,2008,130769
Harmothoe imbricata,43.6495780945,-70.2308807373,4da23d30-af8d-48f3-977a-4e24394e2e8c,2003,130769
Harmothoe imbricata,43.8209381104,-70.1052932739,4da23d30-af8d-48f3-977a-4e24394e2e8c,2007,130769
Harmothoe imbricata,45.029483,-67.0048,56f7bb50-8b87-48cc-815d-379780b0f5b0,2018,130769
Harmothoe imbricata,42.5900001526,-70.6800003052,41a50544-957c-4193-8bbf-25a25f749e85,2001,130769
Harmothoe imbricata,43.6495780945,-70.2308807373,4da23d30-af8d-48f3-977a-4e24394e2e8c,2003,130769
Harmothoe imbricata,44.1199989319,-68.9300003052,41a50544-957c-4193-8bbf-25a25f749e85,2000,130769
Harmothoe imbricata,44.815,-66.95,9d629feb-ba03-4a83-908c-794d94d30531,2017,130769
Harmothoe imbricata,42.2960014343,-71.0429992676,41a50544-957c-4193-8bbf-25a25f749e85,2001,130769
Harmothoe imbricata,44.9856,-67.0324,00f47c38-6233-4d6c-bd93-67a771ab6224,2008,130769
Harmothoe imbricata,42.27835,-70.92205,43b58971-4fda-4210-a6ef-654fe0ce226d,2004,130769
Harmothoe imbricata,41.7900009155,-70.4899978638,41a50544-957c-4193-8bbf-25a25f749e85,2001,130769
Harmothoe imbricata,43.643,-70.226,1fcedb90-b2ea-4476-8faf-f2ff5964ac58,1999,130769
Harmothoe imbricata,44.1920013428,-68.3519973755,41a50544-957c-4193-8bbf-25a25f749e85,2000,130769
Harmothoe imbricata,44.870513,-67.1493,0c59dc30-4b06-4572-addc-155042f81fd0,2007,130769
Harmothoe imbricata,44.7299995422,-67.0899963379,41a50544-957c-4193-8bbf-25a25f749e85,2000,130769
Harmothoe imbricata,41.6800003052,-69.8099975586,5ad6c4ff-fb89-4edf-b7b0-212671fb27cf,1903,130769
Harmothoe imbricata,42.357219696,-71.0497207642,4da23d30-af8d-48f3-977a-4e24394e2e8c,2003,130769
Harmothoe imbricata,44.8699989319,-66.9899978638,41a50544-957c-4193-8bbf-25a25f749e85,2002,130769
Harmothoe imbricata,44.9399986267,-67.1399993896,41a50544-957c-4193-8bbf-25a25f749e85,2000,130769
Harmothoe imbricata,45.078183,-67.095567,83040ea6-0e87-4e4e-937d-1b826349c464,2021,130769
Harmothoe imbricata,45.0037,-66.9134,0c59dc30-4b06-4572-addc-155042f81fd0,2008,130769
Harmothoe imbricata,45.07958,-67.09731,83040ea6-0e87-4e4e-937d-1b826349c464,2021,130769
Harmothoe imbricata,45.21,-66.03,e60b0b08-b1f6-4472-bc01-ef6b8c760863,1961,130769
Harmothoe imbricata,45.067983,-66.719483,56f7bb50-8b87-48cc-815d-379780b0f5b0,2018,130769
Harmothoe imbricata,44.879083,-66.966733,56f7bb50-8b87-48cc-815d-379780b0f5b0,2018,130769
Harmothoe imbricata,44.940617,-66.841983,83040ea6-0e87-4e4e-937d-1b826349c464,2020,130769
Harmothoe imbricata,44.870444,-67.1493,0c59dc30-4b06-4572-addc-155042f81fd0,2007,130769
Harmothoe imbricata,44.815,-66.95,9d629feb-ba03-4a83-908c-794d94d30531,2017,130769
Harmothoe imbricata,42.3141,-70.99871,43b58971-4fda-4210-a6ef-654fe0ce226d,2004,130769
Harmothoe imbricata,43.8209381104,-70.1052932739,4da23d30-af8d-48f3-977a-4e24394e2e8c,2003,130769
Harmothoe imbricata,44.936233,-66.837517,83040ea6-0e87-4e4e-937d-1b826349c464,2021,130769
Harmothoe imbricata,42.3619995117,-71.0289993286,41a50544-957c-4193-8bbf-25a25f749e85,2001,130769
Harmothoe imbricata,45.0035,-66.9133,0c59dc30-4b06-4572-addc-155042f81fd0,2009,130769
Harmothoe imbricata,41.771068573,-70.5023727417,4da23d30-af8d-48f3-977a-4e24394e2e8c,2007,130769
Harmothoe imbricata,43.8680000305,-69.9000015259,41a50544-957c-4193-8bbf-25a25f749e85,2001,130769
Harmothoe imbricata,42.54229,-70.56082,43b58971-4fda-4210-a6ef-654fe0ce226d,2008,130769
Harmothoe imbricata,41.6800003052,-69.8099975586,5ad6c4ff-fb89-4edf-b7b0-212671fb27cf,1903,130769
Harmothoe imbricata,45.067983,-66.719483,56f7bb50-8b87-48cc-815d-379780b0f5b0,2018,130769
Harmothoe imbricata,45.0035,-66.9134,ce1d93f3-8b0f-4ee7-9a4d-0393a6ec7fea,2008,130769
Harmothoe imbricata,44.9459991455,-67.1409988403,41a50544-957c-4193-8bbf-25a25f749e85,2000,130769
Harmothoe imbricata,44.93336,-66.9824,56f7bb50-8b87-48cc-815d-379780b0f5b0,2018,130769
Harmothoe imbricata,43.6520004272,-70.1360015869,41a50544-957c-4193-8bbf-25a25f749e85,2000,130769
Harmothoe imbricata,44.9424,-66.8518,83040ea6-0e87-4e4e-937d-1b826349c464,2019,130769
Harmothoe imbricata,42.8997383118,-70.8179702759,4da23d30-af8d-48f3-977a-4e24394e2e8c,2007,130769
Harmothoe imbricata,43.0670013428,-70.7070007324,41a50544-957c-4193-8bbf-25a25f749e85,2000,130769
Harmothoe imbricata,43.8209381104,-70.1052932739,4da23d30-af8d-48f3-977a-4e24394e2e8c,2003,130769
Harmothoe imbricata,45.067983,-66.719483,56f7bb50-8b87-48cc-815d-379780b0f5b0,2018,130769
Harmothoe imbricata,44.104839325,-69.1020889282,4da23d30-af8d-48f3-977a-4e24394e2e8c,2007,130769
Harmothoe imbricata,42.2494316101,-70.9733810425,4da23d30-af8d-48f3-977a-4e24394e2e8c,2000,130769
Harmothoe imbricata,43.1300010681,-70.8199996948,41a50544-957c-4193-8bbf-25a25f749e85,2000,130769
Harmothoe imbricata,44.870569,-67.1493,0c59dc30-4b06-4572-addc-155042f81fd0,2007,130769
Harmothoe imbricata,45.082517,-67.096267,83040ea6-0e87-4e4e-937d-1b826349c464,2021,130769
Harmothoe imbricata,43.6870002747,-70.0410003662,41a50544-957c-4193-8bbf-25a25f749e85,2001,130769
Harmothoe imbricata,45.003611,-66.9133,ce1d93f3-8b0f-4ee7-9a4d-0393a6ec7fea,2007,130769
Harmothoe imbricata,42.3432502747,-71.0350036621,4da23d30-af8d-48f3-977a-4e24394e2e8c,2000,130769
Harmothoe imbricata,45.078967,-67.096017,83040ea6-0e87-4e4e-937d-1b826349c464,2019,130769
Harmothoe imbricata,44.1599998474,-69.0500030518,41a50544-957c-4193-8bbf-25a25f749e85,2001,130769
Harmothoe imbricata,44.871111,-67.1497,ce1d93f3-8b0f-4ee7-9a4d-0393a6ec7fea,2009,130769
Harmothoe imbricata,45.067983,-66.719483,56f7bb50-8b87-48cc-815d-379780b0f5b0,2018,130769
Harmothoe imbricata,44.877267,-66.969967,56f7bb50-8b87-48cc-815d-379780b0f5b0,2018,130769
Harmothoe imbricata,45.067983,-66.719483,56f7bb50-8b87-48cc-815d-379780b0f5b0,2018,130769
Harmothoe imbricata,45.1510009766,-67.1520004272,41a50544-957c-4193-8bbf-25a25f749e85,2001,130769
Harmothoe imbricata,45.0037,-66.9134,0c59dc30-4b06-4572-addc-155042f81fd0,2008,130769
Harmothoe imbricata,44.871111,-67.1497,ce1d93f3-8b0f-4ee7-9a4d-0393a6ec7fea,2009,130769
Harmothoe imbricata,41.797000885,-70.4970016479,41a50544-957c-4193-8bbf-25a25f749e85,2001,130769
Harmothoe imbricata,45.062083,-66.732933,56f7bb50-8b87-48cc-815d-379780b0f5b0,2018,130769
Harmothoe imbricata,45.0853,-67.0988,f0abfac5-114a-4e81-923f-ed08718cb5a7,2020,130769
Harmothoe imbricata,44.8774,-66.96732,56f7bb50-8b87-48cc-815d-379780b0f5b0,2018,130769
Harmothoe imbricata,45.067983,-66.719483,56f7bb50-8b87-48cc-815d-379780b0f5b0,2018,130769
Harmothoe imbricata,43.6800003052,-70.0400009155,41a50544-957c-4193-8bbf-25a25f749e85,2001,130769
Harmothoe imbricata,45.07958,-67.09731,83040ea6-0e87-4e4e-937d-1b826349c464,2021,130769
Harmothoe imbricata,45.086517,-67.100067,83040ea6-0e87-4e4e-937d-1b826349c464,2019,130769
Harmothoe imbricata,42.0099983215,-70.1100006104,41a50544-957c-4193-8bbf-25a25f749e85,2001,130769
Harmothoe imbricata,44.87086,-67.14915,0c59dc30-4b06-4572-addc-155042f81fd0,2008,130769
Harmothoe imbricata,42.33167,-70.96833,43b58971-4fda-4210-a6ef-654fe0ce226d,2004,130769
Harmothoe imbricata,44.87118,-67.1493,0c59dc30-4b06-4572-addc-155042f81fd0,2008,130769
Harmothoe imbricata,43.6623001099,-70.2431411743,4da23d30-af8d-48f3-977a-4e24394e2e8c,2003,130769
Harmothoe imbricata,45.081067,-67.096017,83040ea6-0e87-4e4e-937d-1b826349c464,2019,130769
Harmothoe imbricata,45.003611,-66.9133,ce1d93f3-8b0f-4ee7-9a4d-0393a6ec7fea,2009,130769
Harmothoe imbricata,44.870833,-67.1492,ce1d93f3-8b0f-4ee7-9a4d-0393a6ec7fea,2009,130769
Harmothoe imbricata,45.003611,-66.9133,ce1d93f3-8b0f-4ee7-9a4d-0393a6ec7fea,2007,130769
Harmothoe imbricata,43.7400016785,-69.9499969482,41a50544-957c-4193-8bbf-25a25f749e85,2001,130769
Harmothoe imbricata,44.8708,-67.149167,ce1d93f3-8b0f-4ee7-9a4d-0393a6ec7fea,2008,130769
Harmothoe imbricata,42.3712081909,-71.0595321655,4da23d30-af8d-48f3-977a-4e24394e2e8c,2000,130769
Harmothoe imbricata,45.062083,-66.732933,56f7bb50-8b87-48cc-815d-379780b0f5b0,2018,130769
Harmothoe imbricata,44.87045,-67.1493,0c59dc30-4b06-4572-addc-155042f81fd0,2007,130769
Harmothoe imbricata,44.0499992371,-68.7399978638,41a50544-957c-4193-8bbf-25a25f749e85,2001,130769
Harmothoe imbricata,45.067983,-66.719483,56f7bb50-8b87-48cc-815d-379780b0f5b0,2018,130769
Harmothoe imbricata,43.0600013733,-70.6999969482,41a50544-957c-4193-8bbf-25a25f749e85,2000,130769
Harmothoe imbricata,42.357219696,-71.0497207642,4da23d30-af8d-48f3-977a-4e24394e2e8c,2007,130769
Harmothoe imbricata,45.0748,-67.0676,00f47c38-6233-4d6c-bd93-67a771ab6224,2008,130769
Harmothoe imbricata,41.7061309814,-70.2988967896,4da23d30-af8d-48f3-977a-4e24394e2e8c,2000,130769
Harmothoe imbricata,44.879083,-66.966733,56f7bb50-8b87-48cc-815d-379780b0f5b0,2018,130769
Harmothoe imbricata,44.8708,-67.148889,ce1d93f3-8b0f-4ee7-9a4d-0393a6ec7fea,2008,130769
Harmothoe imbricata,45.062083,-66.732933,56f7bb50-8b87-48cc-815d-379780b0f5b0,2018,130769
Harmothoe imbricata,41.8300018311,-70.3099975586,41a50544-957c-4193-8bbf-25a25f749e85,2000,130769
Harmothoe imbricata,44.871111,-67.1494,ce1d93f3-8b0f-4ee7-9a4d-0393a6ec7fea,2009,130769
Harmothoe imbricata,43.0717163086,-70.7105331421,4da23d30-af8d-48f3-977a-4e24394e2e8c,2003,130769
Harmothoe imbricata,42.17732,-70.64751,43b58971-4fda-4210-a6ef-654fe0ce226d,2004,130769
Harmothoe imbricata,44.870551,-67.1493,0c59dc30-4b06-4572-addc-155042f81fd0,2007,130769
Harmothoe imbricata,45.082779,-66.9978,ce1d93f3-8b0f-4ee7-9a4d-0393a6ec7fea,2004,130769
Harmothoe imbricata,45.029483,-67.0048,56f7bb50-8b87-48cc-815d-379780b0f5b0,2018,130769
Harmothoe imbricata,45.067983,-66.719483,56f7bb50-8b87-48cc-815d-379780b0f5b0,2018,130769
Harmothoe imbricata,44.87061,-67.14865,0c59dc30-4b06-4572-addc-155042f81fd0,2008,130769
Harmothoe imbricata,45.003333,-66.9125,ce1d93f3-8b0f-4ee7-9a4d-0393a6ec7fea,2008,130769
Harmothoe imbricata,41.76986,-70.36676,43b58971-4fda-4210-a6ef-654fe0ce226d,2004,130769
Harmothoe imbricata,44.878683,-66.968867,56f7bb50-8b87-48cc-815d-379780b0f5b0,2018,130769
Harmothoe imbricata,45.062083,-66.732933,56f7bb50-8b87-48cc-815d-379780b0f5b0,2018,130769
Harmothoe imbricata,42.5215988159,-70.881652832,4da23d30-af8d-48f3-977a-4e24394e2e8c,2007,130769
Harmothoe imbricata,45.0036,-66.9134,0c59dc30-4b06-4572-addc-155042f81fd0,2009,130769
Harmothoe imbricata,42.0120010376,-70.1139984131,41a50544-957c-4193-8bbf-25a25f749e85,2001,130769
Harmothoe imbricata,45.062083,-66.732933,56f7bb50-8b87-48cc-815d-379780b0f5b0,2018,130769
Harmothoe imbricata,45.067983,-66.719483,56f7bb50-8b87-48cc-815d-379780b0f5b0,2018,130769
Harmothoe imbricata,45.067983,-66.719483,56f7bb50-8b87-48cc-815d-379780b0f5b0,2018,130769
Harmothoe imbricata,45.067983,-66.719483,56f7bb50-8b87-48cc-815d-379780b0f5b0,2018,130769
Harmothoe imbricata,44.877778,-67.72,ce1d93f3-8b0f-4ee7-9a4d-0393a6ec7fea,2009,130769
Harmothoe imbricata,45.0853,-67.0988,83040ea6-0e87-4e4e-937d-1b826349c464,2020,130769
Harmothoe imbricata,44.871111,-67.1494,ce1d93f3-8b0f-4ee7-9a4d-0393a6ec7fea,2009,130769
Harmothoe imbricata,45.05862,-66.83055,ce1d93f3-8b0f-4ee7-9a4d-0393a6ec7fea,2012,130769
Harmothoe imbricata,44.942933,-66.8464,83040ea6-0e87-4e4e-937d-1b826349c464,2021,130769
Harmothoe imbricata,45.003611,-66.9133,ce1d93f3-8b0f-4ee7-9a4d-0393a6ec7fea,2009,130769
Harmothoe imbricata,44.8774,-66.96732,56f7bb50-8b87-48cc-815d-379780b0f5b0,2018,130769
Harmothoe imbricata,41.7299995422,-70.3000030518,41a50544-957c-4193-8bbf-25a25f749e85,2001,130769
Harmothoe imbricata,45.0033,-66.9134,0c59dc30-4b06-4572-addc-155042f81fd0,2008,130769
Harmothoe imbricata,44.733001709,-67.09400177,41a50544-957c-4193-8bbf-25a25f749e85,2000,130769
Harmothoe imbricata,44.8708,-67.148611,ce1d93f3-8b0f-4ee7-9a4d-0393a6ec7fea,2008,130769
Harmothoe imbricata,45.31,-66.13,e60b0b08-b1f6-4472-bc01-ef6b8c760863,1959,130769
Harmothoe imbricata,41.7389984131,-70.3079986572,41a50544-957c-4193-8bbf-25a25f749e85,2001,130769
Harmothoe imbricata,45.067983,-66.719483,56f7bb50-8b87-48cc-815d-379780b0f5b0,2018,130769
Harmothoe imbricata,44.8708,-67.148889,ce1d93f3-8b0f-4ee7-9a4d-0393a6ec7fea,2008,130769
Harmothoe imbricata,45.082517,-67.096267,83040ea6-0e87-4e4e-937d-1b826349c464,2020,130769
Harmothoe imbricata,45.0035,-66.9134,0c59dc30-4b06-4572-addc-155042f81fd0,2009,130769
Harmothoe imbricata,43.3199996948,-70.5634994507,4da23d30-af8d-48f3-977a-4e24394e2e8c,2007,130769
Harmothoe imbricata,44.1899986267,-68.3499984741,41a50544-957c-4193-8bbf-25a25f749e85,2000,130769
Harmothoe imbricata,43.6623001099,-70.2431411743,4da23d30-af8d-48f3-977a-4e24394e2e8c,2003,130769
Harmothoe imbricata,44.870569,-67.1493,0c59dc30-4b06-4572-addc-155042f81fd0,2007,130769
Harmothoe imbricata,42.0099983215,-70.2699966431,41a50544-957c-4193-8bbf-25a25f749e85,2000,130769
Harmothoe imbricata,45.33,-66.18,e60b0b08-b1f6-4472-bc01-ef6b8c760863,1961,130769
Harmothoe imbricata,43.643,-70.226,1fcedb90-b2ea-4476-8faf-f2ff5964ac58,1999,130769
Harmothoe imbricata,45.0327,-67.006417,56f7bb50-8b87-48cc-815d-379780b0f5b0,2018,130769
Harmothoe imbricata,45.067983,-66.719483,56f7bb50-8b87-48cc-815d-379780b0f5b0,2018,130769
Harmothoe imbricata,42.5200004578,-70.8099975586,41a50544-957c-4193-8bbf-25a25f749e85,2000,130769
Harmothoe imbricata,45.078967,-67.096017,83040ea6-0e87-4e4e-937d-1b826349c464,2019,130769
Harmothoe imbricata,45.0749,-67.0925,83040ea6-0e87-4e4e-937d-1b826349c464,2021,130769
Harmothoe imbricata,43.7174987793,-70.0044403076,d701f5e8-c817-4a17-840b-729510a111ce,2005,130769
Harmothoe imbricata,43.6399993896,-70.2799987793,41a50544-957c-4193-8bbf-25a25f749e85,2000,130769
Harmothoe imbricata,44.1199989319,-68.93699646,41a50544-957c-4193-8bbf-25a25f749e85,2000,130769
Harmothoe imbricata,45.0853,-67.0988,83040ea6-0e87-4e4e-937d-1b826349c464,2020,130769
Harmothoe imbricata,42.8992156982,-70.8179855347,4da23d30-af8d-48f3-977a-4e24394e2e8c,2003,130769
Harmothoe imbricata,45.0823,-67.088083,83040ea6-0e87-4e4e-937d-1b826349c464,2021,130769
Harmothoe imbricata,44.4510002136,-67.8470001221,41a50544-957c-4193-8bbf-25a25f749e85,2000,130769
Harmothoe imbricata,45.003333,-66.9133,ce1d93f3-8b0f-4ee7-9a4d-0393a6ec7fea,2007,130769
Harmothoe imbricata,45.062083,-66.732933,56f7bb50-8b87-48cc-815d-379780b0f5b0,2018,130769
Harmothoe imbricata,45.062083,-66.732933,56f7bb50-8b87-48cc-815d-379780b0f5b0,2018,130769
Harmothoe imbricata,42.3600006104,-71.0199966431,41a50544-957c-4193-8bbf-25a25f749e85,2001,130769
Harmothoe imbricata,43.7000007629,-69.8799972534,41a50544-957c-4193-8bbf-25a25f749e85,2000,130769
Harmothoe imbricata,44.0804862976,-68.977180481,b6ec1b5a-0cd3-4469-bf41-e68685ef0a54,1982,130769
Harmothoe imbricata,45.003611,-66.9133,ce1d93f3-8b0f-4ee7-9a4d-0393a6ec7fea,2009,130769
Harmothoe imbricata,42.0110015869,-70.2699966431,41a50544-957c-4193-8bbf-25a25f749e85,2000,130769
Harmothoe imbricata,45.0034,-66.9134,0c59dc30-4b06-4572-addc-155042f81fd0,2008,130769
Harmothoe imbricata,43.6500015259,-70.1299972534,41a50544-957c-4193-8bbf-25a25f749e85,2000,130769
Harmothoe imbricata,45.31,-66.13,e60b0b08-b1f6-4472-bc01-ef6b8c760863,1961,130769
Harmothoe imbricata,45.003724,-66.913385,0c59dc30-4b06-4572-addc-155042f81fd0,2007,130769
Harmothoe imbricata,44.87078,-67.14882,0c59dc30-4b06-4572-addc-155042f81fd0,2008,130769
Harmothoe imbricata,42.357219696,-71.0497207642,4da23d30-af8d-48f3-977a-4e24394e2e8c,2000,130769
Harmothoe imbricata,44.9856,-67.0324,00f47c38-6233-4d6c-bd93-67a771ab6224,2008,130769
Harmothoe imbricata,43.1380004883,-70.8290023804,41a50544-957c-4193-8bbf-25a25f749e85,2000,130769
Harmothoe imbricata,41.771068573,-70.5023727417,4da23d30-af8d-48f3-977a-4e24394e2e8c,2000,130769
Harmothoe imbricata,42.357219696,-71.0497207642,4da23d30-af8d-48f3-977a-4e24394e2e8c,2003,130769
Harmothoe imbricata,45.062083,-66.732933,56f7bb50-8b87-48cc-815d-379780b0f5b0,2018,130769
Harmothoe imbricata,44.870833,-67.1492,ce1d93f3-8b0f-4ee7-9a4d-0393a6ec7fea,2011,130769
Harmothoe imbricata,42.13129,-70.28621,43b58971-4fda-4210-a6ef-654fe0ce226d,2008,130769
Harmothoe imbricata,43.0717163086,-70.7105331421,4da23d30-af8d-48f3-977a-4e24394e2e8c,2003,130769
Harmothoe imbricata,44.2620010376,-68.4499969482,41a50544-957c-4193-8bbf-25a25f749e85,2001,130769
Harmothoe imbricata,43.0580406189,-70.7277984619,4da23d30-af8d-48f3-977a-4e24394e2e8c,2007,130769
Harmothoe imbricata,42.5279998779,-70.8150024414,41a50544-957c-4193-8bbf-25a25f749e85,2000,130769
Harmothoe imbricata,45.067983,-66.719483,56f7bb50-8b87-48cc-815d-379780b0f5b0,2018,130769
Harmothoe imbricata,45.00328,-66.91317,0c59dc30-4b06-4572-addc-155042f81fd0,2009,130769
Harmothoe imbricata,45.0749,-67.0925,83040ea6-0e87-4e4e-937d-1b826349c464,2021,130769
Harmothoe imbricata,45.078967,-67.096017,83040ea6-0e87-4e4e-937d-1b826349c464,2019,130769
Harmothoe imbricata,43.8361091614,-69.506942749,d701f5e8-c817-4a17-840b-729510a111ce,2005,130769
Harmothoe imbricata,44.878683,-66.968867,56f7bb50-8b87-48cc-815d-379780b0f5b0,2018,130769
Harmothoe imbricata,44.8706944444,-67.1486944444,0c59dc30-4b06-4572-addc-155042f81fd0,2008,130769
Harmothoe imbricata,44.879083,-66.966733,56f7bb50-8b87-48cc-815d-379780b0f5b0,2018,130769
Harmothoe imbricata,45.0499992371,-67.0899963379,41a50544-957c-4193-8bbf-25a25f749e85,2002,130769
Harmothoe imbricata,45.067983,-66.719483,56f7bb50-8b87-48cc-815d-379780b0f5b0,2018,130769
Harmothoe imbricata,44.8711,-67.1493,0c59dc30-4b06-4572-addc-155042f81fd0,2008,130769
Harmothoe imbricata,45.0036,-66.9134,ce1d93f3-8b0f-4ee7-9a4d-0393a6ec7fea,2008,130769
Harmothoe imbricata,44.879083,-66.966733,56f7bb50-8b87-48cc-815d-379780b0f5b0,2018,130769
Harmothoe imbricata,42.63698,-70.3228,43b58971-4fda-4210-a6ef-654fe0ce226d,2008,130769
Harmothoe imbricata,42.700001,-65.9833,ce1d93f3-8b0f-4ee7-9a4d-0393a6ec7fea,1984,130769
Harmothoe imbricata,45.003538,-66.913434,0c59dc30-4b06-4572-addc-155042f81fd0,2007,130769
Harmothoe imbricata,45.067983,-66.719483,56f7bb50-8b87-48cc-815d-379780b0f5b0,2018,130769
Harmothoe imbricata,44.8707222222,-67.149,0c59dc30-4b06-4572-addc-155042f81fd0,2008,130769
Harmothoe imbricata,43.8600006104,-69.9000015259,41a50544-957c-4193-8bbf-25a25f749e85,2001,130769
Harmothoe imbricata,43.0841712952,-70.6583328247,d701f5e8-c817-4a17-840b-729510a111ce,2005,130769
Harmothoe imbricata,45.067983,-66.719483,56f7bb50-8b87-48cc-815d-379780b0f5b0,2018,130769
Harmothoe imbricata,44.8706666667,-67.1486944444,0c59dc30-4b06-4572-addc-155042f81fd0,2008,130769
Harmothoe imbricata,45.0034,-66.9134,0c59dc30-4b06-4572-addc-155042f81fd0,2008,130769
Harmothoe imbricata,45.067983,-66.719483,56f7bb50-8b87-48cc-815d-379780b0f5b0,2018,130769
Harmothoe imbricata,42.61302948,-70.6807174683,4da23d30-af8d-48f3-977a-4e24394e2e8c,2000,130769
Harmothoe imbricata,45.062083,-66.732933,56f7bb50-8b87-48cc-815d-379780b0f5b0,2018,130769
Harmothoe imbricata,45.0748,-67.0676,00f47c38-6233-4d6c-bd93-67a771ab6224,2008,130769
Harmothoe imbricata,45.003889,-66.9133,ce1d93f3-8b0f-4ee7-9a4d-0393a6ec7fea,2009,130769
Harmothoe imbricata,43.7430000305,-69.9570007324,41a50544-957c-4193-8bbf-25a25f749e85,2001,130769
Harmothoe imbricata,43.6793556213,-70.2527999878,4da23d30-af8d-48f3-977a-4e24394e2e8c,2007,130769
Harmothoe imbricata,41.908000946,-70.1539993286,41a50544-957c-4193-8bbf-25a25f749e85,2001,130769
Harmothoe imbricata,45.07958,-67.09731,83040ea6-0e87-4e4e-937d-1b826349c464,2021,130769
Harmothoe imbricata,44.870444,-67.1493,0c59dc30-4b06-4572-addc-155042f81fd0,2007,130769
Harmothoe imbricata,45.0035,-66.9134,ce1d93f3-8b0f-4ee7-9a4d-0393a6ec7fea,2008,130769
Harmothoe imbricata,45.062083,-66.732933,56f7bb50-8b87-48cc-815d-379780b0f5b0,2018,130769
Harmothoe imbricata,44.4500007629,-67.8399963379,41a50544-957c-4193-8bbf-25a25f749e85,2000,130769
Harmothoe imbricata,43.0717163086,-70.7105331421,4da23d30-af8d-48f3-977a-4e24394e2e8c,2003,130769
Harmothoe imbricata,45.067983,-66.719483,56f7bb50-8b87-48cc-815d-379780b0f5b0,2018,130769
Harmothoe imbricata,45.067983,-66.719483,56f7bb50-8b87-48cc-815d-379780b0f5b0,2018,130769
Harmothoe imbricata,45.062083,-66.732933,56f7bb50-8b87-48cc-815d-379780b0f5b0,2018,130769
Harmothoe imbricata,45.003333,-66.9131,ce1d93f3-8b0f-4ee7-9a4d-0393a6ec7fea,2009,130769
Harmothoe imbricata,45.0853,-67.0988,83040ea6-0e87-4e4e-937d-1b826349c464,2020,130769
Harmothoe imbricata,44.4330482483,-68.815826416,b6ec1b5a-0cd3-4469-bf41-e68685ef0a54,1982,130769
Harmothoe imbricata,44.870556,-67.1494,ce1d93f3-8b0f-4ee7-9a4d-0393a6ec7fea,2009,130769
Harmothoe imbricata,41.8300018311,-70.31300354,41a50544-957c-4193-8bbf-25a25f749e85,2000,130769
Nereis pelagica,43.3199996948,-70.5634994507,4da23d30-af8d-48f3-977a-4e24394e2e8c,2007,130404
Nereis pelagica,43.6329994202,-70.0500030518,89e23fc8-3f61-4480-9de3-358fe6eefe0b,1873,130404
Nereis pelagica,42.61302948,-70.6807174683,4da23d30-af8d-48f3-977a-4e24394e2e8c,2000,130404
Nereis pelagica,44.942933,-66.8464,83040ea6-0e87-4e4e-937d-1b826349c464,2021,130404
Nereis pelagica,41.9000015259,-67.233001709,e7c86904-aac7-4a17-a895-99a54c430d80,1955,130404
Nereis pelagica,41.9583282471,-67.9666671753,89e23fc8-3f61-4480-9de3-358fe6eefe0b,1883,130404
Nereis pelagica,45.062083,-66.732933,56f7bb50-8b87-48cc-815d-379780b0f5b0,2018,130404
Nereis pelagica,45.141253,-64.313358,3e35bf95-1d9d-4953-8b25-69d56574182c,2008,130404
Nereis pelagica,45.078183,-67.095567,83040ea6-0e87-4e4e-937d-1b826349c464,2021,130404
Nereis pelagica,45.0853,-67.0988,83040ea6-0e87-4e4e-937d-1b826349c464,2020,130404
Nereis pelagica,41.3222198486,-68.7183303833,89e23fc8-3f61-4480-9de3-358fe6eefe0b,1977,130404
Nereis pelagica,43.0841712952,-70.6583328247,d701f5e8-c817-4a17-840b-729510a111ce,2005,130404
Nereis pelagica,43.6623001099,-70.2431411743,4da23d30-af8d-48f3-977a-4e24394e2e8c,2003,130404
Nereis pelagica,45.067983,-66.719483,56f7bb50-8b87-48cc-815d-379780b0f5b0,2018,130404
Nereis pelagica,43.6495780945,-70.2308807373,4da23d30-af8d-48f3-977a-4e24394e2e8c,2007,130404
Nereis pelagica,41.6399993896,-69.8199996948,5ad6c4ff-fb89-4edf-b7b0-212671fb27cf,1903,130404
Nereis pelagica,42.5215988159,-70.881652832,4da23d30-af8d-48f3-977a-4e24394e2e8c,2007,130404
Nereis pelagica,42.5830612183,-70.6666717529,89e23fc8-3f61-4480-9de3-358fe6eefe0b,1878,130404
Nereis pelagica,43.8209381104,-70.1052932739,4da23d30-af8d-48f3-977a-4e24394e2e8c,2003,130404
Nereis pelagica,44.9396,-66.838983,83040ea6-0e87-4e4e-937d-1b826349c464,2021,130404
Nereis pelagica,41.0999984741,-67.983001709,e7c86904-aac7-4a17-a895-99a54c430d80,1955,130404
Nereis pelagica,41.771068573,-70.5023727417,4da23d30-af8d-48f3-977a-4e24394e2e8c,2007,130404
Nereis pelagica,45.141263,-64.313243,3e35bf95-1d9d-4953-8b25-69d56574182c,2008,130404
Nereis pelagica,45.14126,-64.313536,3e35bf95-1d9d-4953-8b25-69d56574182c,2008,130404
Nereis pelagica,42.8997383118,-70.8179702759,4da23d30-af8d-48f3-977a-4e24394e2e8c,2007,130404
Nereis pelagica,42.3833312988,-66.3833312988,89e23fc8-3f61-4480-9de3-358fe6eefe0b,1883,130404
Nereis pelagica,44.878583,-66.9656,56f7bb50-8b87-48cc-815d-379780b0f5b0,2018,130404
Nereis pelagica,44.1650009155,-69.0530014038,41a50544-957c-4193-8bbf-25a25f749e85,2001,130404
Nereis pelagica,42.8992156982,-70.8179855347,4da23d30-af8d-48f3-977a-4e24394e2e8c,2003,130404
Nereis pelagica,42.61302948,-70.6807174683,4da23d30-af8d-48f3-977a-4e24394e2e8c,2000,130404
Nereis pelagica,45.141252,-64.313447,3e35bf95-1d9d-4953-8b25-69d56574182c,2008,130404
Nereis pelagica,41.28332901,-68.3499984741,89e23fc8-3f61-4480-9de3-358fe6eefe0b,1885,130404
Nereis pelagica,45.049517,-66.782067,56f7bb50-8b87-48cc-815d-379780b0f5b0,2018,130404
Nereis pelagica,43.844379425,-69.6408233643,4da23d30-af8d-48f3-977a-4e24394e2e8c,2007,130404
Nereis pelagica,45.0,-66.0,89e23fc8-3f61-4480-9de3-358fe6eefe0b,1872,130404
Nereis pelagica,42.033000946,-70.4169998169,89e23fc8-3f61-4480-9de3-358fe6eefe0b,1879,130404
Nereis pelagica,41.8829994202,-66.6169967651,e7c86904-aac7-4a17-a895-99a54c430d80,1955,130404
Nereis pelagica,43.6495780945,-70.2308807373,4da23d30-af8d-48f3-977a-4e24394e2e8c,2003,130404
Nereis pelagica,44.2094802856,-69.0612869263,4da23d30-af8d-48f3-977a-4e24394e2e8c,2007,130404
Nereis pelagica,41.9169998169,-66.3170013428,e7c86904-aac7-4a17-a895-99a54c430d80,1955,130404
Nereis pelagica,45.067983,-66.719483,56f7bb50-8b87-48cc-815d-379780b0f5b0,2018,130404
Nereis pelagica,45.029483,-67.0048,56f7bb50-8b87-48cc-815d-379780b0f5b0,2018,130404
Nereis pelagica,43.6623001099,-70.2431411743,4da23d30-af8d-48f3-977a-4e24394e2e8c,2003,130404
Nereis pelagica,41.9500007629,-70.2099990845,41a50544-957c-4193-8bbf-25a25f749e85,2001,130404
Nereis pelagica,44.1699981689,-68.3600006104,41a50544-957c-4193-8bbf-25a25f749e85,2002,130404
Nereis pelagica,41.9000015259,-66.9670028687,e7c86904-aac7-4a17-a895-99a54c430d80,1955,130404
Nereis pelagica,45.062083,-66.732933,56f7bb50-8b87-48cc-815d-379780b0f5b0,2018,130404
Nereis pelagica,41.9000015259,-65.9670028687,e7c86904-aac7-4a17-a895-99a54c430d80,1955,130404
Nereis pelagica,44.936833,-66.842183,83040ea6-0e87-4e4e-937d-1b826349c464,2020,130404
Nereis pelagica,43.9350814819,-69.5811233521,4da23d30-af8d-48f3-977a-4e24394e2e8c,2007,130404
Nereis pelagica,42.033000946,-70.4169998169,89e23fc8-3f61-4480-9de3-358fe6eefe0b,1879,130404
Nereis pelagica,45.0,-66.0,89e23fc8-3f61-4480-9de3-358fe6eefe0b,1872,130404
Nereis pelagica,43.8361091614,-69.506942749,d701f5e8-c817-4a17-840b-729510a111ce,2005,130404
Nereis pelagica,43.7174987793,-70.0044403076,d701f5e8-c817-4a17-840b-729510a111ce,2005,130404
Nereis pelagica,44.942933,-66.8464,83040ea6-0e87-4e4e-937d-1b826349c464,2021,130404
Nereis pelagica,41.0999984741,-67.983001709,e7c86904-aac7-4a17-a895-99a54c430d80,1955,130404
Nereis pelagica,45.081717,-67.096533,83040ea6-0e87-4e4e-937d-1b826349c464,2019,130404
Nereis pelagica,41.6669998169,-67.5999984741,e7c86904-aac7-4a17-a895-99a54c430d80,1955,130404
Nereis pelagica,41.1638908386,-66.5305633545,89e23fc8-3f61-4480-9de3-358fe6eefe0b,1883,130404
Nereis pelagica,45.062083,-66.732933,56f7bb50-8b87-48cc-815d-379780b0f5b0,2018,130404
Nereis pelagica,43.8209381104,-70.1052932739,4da23d30-af8d-48f3-977a-4e24394e2e8c,2007,130404
Nereis pelagica,45.0,-66.0,89e23fc8-3f61-4480-9de3-358fe6eefe0b,1872,130404
Nereis pelagica,41.3499984741,-68.6330032349,e7c86904-aac7-4a17-a895-99a54c430d80,1955,130404
Nereis pelagica,41.3499984741,-67.983001709,e7c86904-aac7-4a17-a895-99a54c430d80,1955,130404
Nereis pelagica,43.6467,-70.225,1fcedb90-b2ea-4476-8faf-f2ff5964ac58,1992,130404
Nereis pelagica,43.6329994202,-70.0500030518,89e23fc8-3f61-4480-9de3-358fe6eefe0b,1873,130404
Nereis pelagica,45.07958,-67.09731,83040ea6-0e87-4e4e-937d-1b826349c464,2021,130404
Nereis pelagica,44.8774,-66.96732,56f7bb50-8b87-48cc-815d-379780b0f5b0,2018,130404
Nereis pelagica,41.3670005798,-68.3000030518,e7c86904-aac7-4a17-a895-99a54c430d80,1955,130404
Nereis pelagica,44.8953666687,-67.0014190674,4da23d30-af8d-48f3-977a-4e24394e2e8c,2005,130404
Nereis pelagica,41.5411109924,-66.0419387817,89e23fc8-3f61-4480-9de3-358fe6eefe0b,1977,130404
Nereis pelagica,44.939333,-66.838333,83040ea6-0e87-4e4e-937d-1b826349c464,2021,130404
Nereis pelagica,45.0749,-67.0925,83040ea6-0e87-4e4e-937d-1b826349c464,2021,130404
Nereis pelagica,41.733001709,-68.25,e7c86904-aac7-4a17-a895-99a54c430d80,1956,130404
Nereis pelagica,45.050267,-66.780783,56f7bb50-8b87-48cc-815d-379780b0f5b0,2018,130404
Nereis pelagica,42.357219696,-71.0497207642,4da23d30-af8d-48f3-977a-4e24394e2e8c,2003,130404
Nereis pelagica,45.141262,-64.313333,3e35bf95-1d9d-4953-8b25-69d56574182c,2008,130404
Nereis pelagica,41.8408317566,-66.8513870239,89e23fc8-3f61-4480-9de3-358fe6eefe0b,1977,130404
Nereis pelagica,42.357219696,-71.0497207642,4da23d30-af8d-48f3-977a-4e24394e2e8c,2000,130404
Nereis pelagica,43.0717163086,-70.7105331421,4da23d30-af8d-48f3-977a-4e24394e2e8c,2003,130404
Nereis pelagica,44.9424,-66.8518,83040ea6-0e87-4e4e-937d-1b826349c464,2019,130404
Nereis pelagica,45.26517,-66.03033,f9979274-f5c3-4cee-928e-7e77b332546d,2018,130404
Nereis pelagica,41.6599998474,-69.8099975586,5ad6c4ff-fb89-4edf-b7b0-212671fb27cf,1903,130404
Nereis pelagica,43.6495780945,-70.2308807373,4da23d30-af8d-48f3-977a-4e24394e2e8c,2003,130404
Nereis pelagica,44.0699996948,-69.1689987183,41a50544-957c-4193-8bbf-25a25f749e85,2000,130404
Nereis pelagica,41.3670005798,-68.3000030518,e7c86904-aac7-4a17-a895-99a54c430d80,1955,130404
Nereis pelagica,41.6170005798,-66.266998291,e7c86904-aac7-4a17-a895-99a54c430d80,1955,130404
Nereis pelagica,44.878683,-66.968867,56f7bb50-8b87-48cc-815d-379780b0f5b0,2018,130404
Nereis pelagica,43.6623001099,-70.2431411743,4da23d30-af8d-48f3-977a-4e24394e2e8c,2003,130404
Nereis pelagica,43.0580406189,-70.7277984619,4da23d30-af8d-48f3-977a-4e24394e2e8c,2007,130404
Nereis pelagica,44.936833,-66.842183,83040ea6-0e87-4e4e-937d-1b826349c464,2020,130404
Nereis pelagica,43.6329994202,-70.0500030518,89e23fc8-3f61-4480-9de3-358fe6eefe0b,1873,130404
Nereis pelagica,44.1599998474,-69.0500030518,41a50544-957c-4193-8bbf-25a25f749e85,2001,130404
Nereis pelagica,41.3499984741,-67.983001709,e7c86904-aac7-4a17-a895-99a54c430d80,1955,130404
Nereis pelagica,44.936833,-66.842183,83040ea6-0e87-4e4e-937d-1b826349c464,2020,130404
Nereis pelagica,41.8170013428,-66.1916732788,89e23fc8-3f61-4480-9de3-358fe6eefe0b,1953,130404
Nereis pelagica,44.9062004089,-66.9841003418,4da23d30-af8d-48f3-977a-4e24394e2e8c,2005,130404
Nereis pelagica,41.9500007629,-70.2119979858,41a50544-957c-4193-8bbf-25a25f749e85,2001,130404
Nereis pelagica,41.8170013428,-66.1829986572,89e23fc8-3f61-4480-9de3-358fe6eefe0b,1953,130404
Nereis pelagica,42.5215988159,-70.881652832,4da23d30-af8d-48f3-977a-4e24394e2e8c,2003,130404
Nereis pelagica,41.6800003052,-69.8099975586,5ad6c4ff-fb89-4edf-b7b0-212671fb27cf,1903,130404
Nereis pelagica,42.033000946,-70.4169998169,89e23fc8-3f61-4480-9de3-358fe6eefe0b,1879,130404
Nereis pelagica,44.942933,-66.8464,83040ea6-0e87-4e4e-937d-1b826349c464,2021,130404
Nereis pelagica,42.5402984619,-70.8805999756,4da23d30-af8d-48f3-977a-4e24394e2e8c,2000,130404
Nereis pelagica,42.6104011536,-70.6588897705,4da23d30-af8d-48f3-977a-4e24394e2e8c,2007,130404
Nereis pelagica,44.104839325,-69.1020889282,4da23d30-af8d-48f3-977a-4e24394e2e8c,2007,130404
Nereis pelagica,44.942933,-66.8464,83040ea6-0e87-4e4e-937d-1b826349c464,2021,130404
Nereis pelagica,42.357219696,-71.0497207642,4da23d30-af8d-48f3-977a-4e24394e2e8c,2007,130404
Nereis pelagica,41.6800003052,-69.8099975586,5ad6c4ff-fb89-4edf-b7b0-212671fb27cf,1903,130404
Nereis pelagica,44.936233,-66.837517,83040ea6-0e87-4e4e-937d-1b826349c464,2021,130404
Nereis pelagica,45.0,-66.0,89e23fc8-3f61-4480-9de3-358fe6eefe0b,1872,130404
Nereis pelagica,44.942933,-66.8464,83040ea6-0e87-4e4e-937d-1b826349c464,2021,130404
Nereis pelagica,42.0166702271,-68.0083312988,89e23fc8-3f61-4480-9de3-358fe6eefe0b,1883,130404
Nereis pelagica,44.942933,-66.8464,83040ea6-0e87-4e4e-937d-1b826349c464,2021,130404
Nereis pelagica,43.0717163086,-70.7105331421,4da23d30-af8d-48f3-977a-4e24394e2e8c,2003,130404
Nereis pelagica,45.0853,-67.0988,83040ea6-0e87-4e4e-937d-1b826349c464,2020,130404
Nereis pelagica,41.6399993896,-69.8199996948,5ad6c4ff-fb89-4edf-b7b0-212671fb27cf,1903,130404
Nereis pelagica,41.6599998474,-69.8099975586,5ad6c4ff-fb89-4edf-b7b0-212671fb27cf,1903,130404
Nereis pelagica,41.9000015259,-66.266998291,e7c86904-aac7-4a17-a895-99a54c430d80,1956,130404
Nereis pelagica,44.0699996948,-69.1600036621,41a50544-957c-4193-8bbf-25a25f749e85,2000,130404
Nereis pelagica,41.1638908386,-66.5305633545,89e23fc8-3f61-4480-9de3-358fe6eefe0b,1883,130404
Nereis pelagica,41.6599998474,-69.8000030518,5ad6c4ff-fb89-4edf-b7b0-212671fb27cf,1903,130404
Nereis pelagica,41.6599998474,-69.8000030518,5ad6c4ff-fb89-4edf-b7b0-212671fb27cf,1903,130404
Nereis pelagica,45.067983,-66.719483,56f7bb50-8b87-48cc-815d-379780b0f5b0,2018,130404
Nereis pelagica,45.062083,-66.732933,56f7bb50-8b87-48cc-815d-379780b0f5b0,2018,130404
Nereis pelagica,43.6793556213,-70.2527999878,4da23d30-af8d-48f3-977a-4e24394e2e8c,2007,130404
Nereis pelagica,43.8209381104,-70.1052932739,4da23d30-af8d-48f3-977a-4e24394e2e8c,2003,130404
Nereis pelagica,43.6496,-70.23,1fcedb90-b2ea-4476-8faf-f2ff5964ac58,1991,130404
Nereis pelagica,41.771068573,-70.5023727417,4da23d30-af8d-48f3-977a-4e24394e2e8c,2000,130404
Nereis pelagica,41.5699996948,-68.9833297729,89e23fc8-3f61-4480-9de3-358fe6eefe0b,1981,130404
Phyllodoce maculata,42.1083297729,-70.3000030518,89e23fc8-3f61-4480-9de3-358fe6eefe0b,1879,334510
Phyllodoce maculata,42.1416702271,-70.2829971313,89e23fc8-3f61-4480-9de3-358fe6eefe0b,1879,334510
Phyllodoce maculata,42.5402984619,-70.8805999756,4da23d30-af8d-48f3-977a-4e24394e2e8c,2000,334510
Phyllodoce maculata,42.0,-70.1999969482,89e23fc8-3f61-4480-9de3-358fe6eefe0b,1879,334510
Phyllodoce maculata,42.38021,-70.72808,43b58971-4fda-4210-a6ef-654fe0ce226d,2004,334510
Phyllodoce maculata,42.15832901,-70.2170028687,89e23fc8-3f61-4480-9de3-358fe6eefe0b,1879,334510
Phyllodoce maculata,42.15832901,-70.5416717529,89e23fc8-3f61-4480-9de3-358fe6eefe0b,1879,334510
Phyllodoce maculata,42.4329986572,-70.6169967651,89e23fc8-3f61-4480-9de3-358fe6eefe0b,1877,334510
Phyllodoce maculata,42.15832901,-70.2170028687,89e23fc8-3f61-4480-9de3-358fe6eefe0b,1879,334510
Phyllodoce maculata,45.0,-66.0,89e23fc8-3f61-4480-9de3-358fe6eefe0b,1872,334510
Phyllodoce maculata,42.566666,-65.25,ce1d93f3-8b0f-4ee7-9a4d-0393a6ec7fea,1983,334510
Phyllodoce maculata,45.0,-66.0,89e23fc8-3f61-4480-9de3-358fe6eefe0b,1872,334510
Phyllodoce maculata,45.0,-66.0,89e23fc8-3f61-4480-9de3-358fe6eefe0b,1872,334510
Phyllodoce maculata,42.0250015259,-70.5,89e23fc8-3f61-4480-9de3-358fe6eefe0b,1879,334510
Phyllodoce maculata,43.6329994202,-70.0500030518,89e23fc8-3f61-4480-9de3-358fe6eefe0b,1873,334510
Phyllodoce maculata,42.266998291,-70.6330032349,89e23fc8-3f61-4480-9de3-358fe6eefe0b,1879,334510
Phyllodoce maculata,42.41108,-70.25529,43b58971-4fda-4210-a6ef-654fe0ce226d,2008,334510
Phyllodoce maculata,41.771068573,-70.5023727417,4da23d30-af8d-48f3-977a-4e24394e2e8c,2000,334510
Phyllodoce maculata,43.016666,-65.7667,ce1d93f3-8b0f-4ee7-9a4d-0393a6ec7fea,1983,334510
Phyllodoce maculata,42.0,-70.1999969482,89e23fc8-3f61-4480-9de3-358fe6eefe0b,1879,334510
Phyllodoce maculata,45.0,-66.0,89e23fc8-3f61-4480-9de3-358fe6eefe0b,1872,334510
Phyllodoce maculata,43.6329994202,-70.0500030518,89e23fc8-3f61-4480-9de3-358fe6eefe0b,1873,334510
Phyllodoce maculata,43.6329994202,-70.0500030518,89e23fc8-3f61-4480-9de3-358fe6eefe0b,1873,334510
Phyllodoce maculata,42.7416687012,-70.6330032349,89e23fc8-3f61-4480-9de3-358fe6eefe0b,1878,334510
Phyllodoce maculata,44.78,-65.85,4312e526-3f49-4291-9ef6-91408686cb7a,1998,334510
Phyllodoce maculata,45.0,-66.0,89e23fc8-3f61-4480-9de3-358fe6eefe0b,1872,334510
Phyllodoce maculata,42.0,-70.1999969482,89e23fc8-3f61-4480-9de3-358fe6eefe0b,1879,334510
Phyllodoce maculata,45.003718,-66.913595,0c59dc30-4b06-4572-addc-155042f81fd0,2007,334510
Phyllodoce maculata,41.1638908386,-66.5305633545,89e23fc8-3f61-4480-9de3-358fe6eefe0b,1883,334510
Phyllodoce maculata,41.8330001831,-66.0670013428,89e23fc8-3f61-4480-9de3-358fe6eefe0b,1953,334510
Phyllodoce maculata,44.61,-66.01,4312e526-3f49-4291-9ef6-91408686cb7a,1998,334510
Phyllodoce maculata,42.0999984741,-70.2416687012,89e23fc8-3f61-4480-9de3-358fe6eefe0b,1879,334510
Phyllodoce maculata,42.40319,-70.73202,43b58971-4fda-4210-a6ef-654fe0ce226d,2004,334510
Phyllodoce maculata,42.533000946,-70.6416702271,89e23fc8-3f61-4480-9de3-358fe6eefe0b,1878,334510
Phyllodoce maculata,42.5215988159,-70.881652832,4da23d30-af8d-48f3-977a-4e24394e2e8c,2000,334510
Phyllodoce maculata,42.1941,-70.51124,43b58971-4fda-4210-a6ef-654fe0ce226d,2004,334510
Phyllodoce maculata,42.1416702271,-70.2829971313,89e23fc8-3f61-4480-9de3-358fe6eefe0b,1879,334510
Phyllodoce maculata,42.0,-70.1999969482,89e23fc8-3f61-4480-9de3-358fe6eefe0b,1879,334510
Phyllodoce maculata,43.6329994202,-70.0500030518,89e23fc8-3f61-4480-9de3-358fe6eefe0b,1873,334510
Phyllodoce maculata,42.15832901,-70.2170028687,89e23fc8-3f61-4480-9de3-358fe6eefe0b,1879,334510
Phyllodoce maculata,45.049999,-66.8167,ce1d93f3-8b0f-4ee7-9a4d-0393a6ec7fea,1994,334510
Phyllodoce maculata,45.003611,-66.9136,ce1d93f3-8b0f-4ee7-9a4d-0393a6ec7fea,2007,334510
Phyllodoce maculata,42.58792,-70.4262,43b58971-4fda-4210-a6ef-654fe0ce226d,2008,334510
Phyllodoce maculata,45.00357,-66.9136898,0c59dc30-4b06-4572-addc-155042f81fd0,2007,334510
Phyllodoce maculata,42.1749992371,-70.483001709,89e23fc8-3f61-4480-9de3-358fe6eefe0b,1879,334510
Phyllodoce maculata,43.6329994202,-70.0500030518,89e23fc8-3f61-4480-9de3-358fe6eefe0b,1873,334510
Phyllodoce maculata,44.8,-65.76,4312e526-3f49-4291-9ef6-91408686cb7a,1998,334510
Phyllodoce maculata,42.15832901,-70.2170028687,89e23fc8-3f61-4480-9de3-358fe6eefe0b,1879,334510
Phyllodoce maculata,45.0,-66.0,89e23fc8-3f61-4480-9de3-358fe6eefe0b,1872,334510
Phyllodoce maculata,40.8950004578,-66.7750015259,89e23fc8-3f61-4480-9de3-358fe6eefe0b,1983,334510
Phyllodoce maculata,42.266998291,-70.6330032349,89e23fc8-3f61-4480-9de3-358fe6eefe0b,1879,334510
Phyllodoce maculata,45.003611,-66.9136,ce1d93f3-8b0f-4ee7-9a4d-0393a6ec7fea,2007,334510
Phyllodoce maculata,42.5,-70.3330001831,89e23fc8-3f61-4480-9de3-358fe6eefe0b,1877,334510
Phyllodoce maculata,42.5830001831,-70.5,89e23fc8-3f61-4480-9de3-358fe6eefe0b,1878,334510
Phyllodoce maculata,44.0163764954,-68.99949646,b6ec1b5a-0cd3-4469-bf41-e68685ef0a54,1982,334510
Phyllodoce maculata,45.0,-66.0,89e23fc8-3f61-4480-9de3-358fe6eefe0b,1872,334510
Phyllodoce maculata,42.13129,-70.28621,43b58971-4fda-4210-a6ef-654fe0ce226d,2008,334510
Phyllodoce maculata,42.3472213745,-70.9599990845,4da23d30-af8d-48f3-977a-4e24394e2e8c,2000,334510
Phyllodoce maculata,44.65,-66.07,4312e526-3f49-4291-9ef6-91408686cb7a,1998,334510
Dipolydora socialis,40.8950004578,-66.7750015259,89e23fc8-3f61-4480-9de3-358fe6eefe0b,1982,131124
Dipolydora socialis,42.3170013428,-70.5999984741,e7c86904-aac7-4a17-a895-99a54c430d80,1981,131124
Dipolydora socialis,40.966999054,-67.5500030518,e7c86904-aac7-4a17-a895-99a54c430d80,1982,131124
Dipolydora socialis,40.9625015259,-67.5927810669,89e23fc8-3f61-4480-9de3-358fe6eefe0b,1977,131124
Dipolydora socialis,40.9647216797,-67.5888900757,89e23fc8-3f61-4480-9de3-358fe6eefe0b,1977,131124
Dipolydora socialis,42.0099983215,-70.1100006104,41a50544-957c-4193-8bbf-25a25f749e85,2001,131124
Dipolydora socialis,42.26105,-70.11768,43b58971-4fda-4210-a6ef-654fe0ce226d,2008,131124
Dipolydora socialis,43.1199989319,-70.8399963379,41a50544-957c-4193-8bbf-25a25f749e85,2002,131124
Dipolydora socialis,44.1199989319,-68.93699646,41a50544-957c-4193-8bbf-25a25f749e85,2000,131124
Dipolydora socialis,40.8950004578,-66.7750015259,89e23fc8-3f61-4480-9de3-358fe6eefe0b,1983,131124
Dipolydora socialis,40.9169998169,-67.5670013428,e7c86904-aac7-4a17-a895-99a54c430d80,1981,131124
Dipolydora socialis,43.6300010681,-70.0299987793,41a50544-957c-4193-8bbf-25a25f749e85,2000,131124
Dipolydora socialis,42.3170013428,-70.5999984741,e7c86904-aac7-4a17-a895-99a54c430d80,1981,131124
Dipolydora socialis,41.8408317566,-66.8513870239,89e23fc8-3f61-4480-9de3-358fe6eefe0b,1977,131124
Dipolydora socialis,41.1508293152,-66.6697235107,89e23fc8-3f61-4480-9de3-358fe6eefe0b,1977,131124
Dipolydora socialis,42.00365,-70.50367,43b58971-4fda-4210-a6ef-654fe0ce226d,2004,131124
Dipolydora socialis,40.966999054,-67.5329971313,e7c86904-aac7-4a17-a895-99a54c430d80,1982,131124
Dipolydora socialis,42.2999992371,-70.5999984741,e7c86904-aac7-4a17-a895-99a54c430d80,1982,131124
Dipolydora socialis,41.8330612183,-66.8447189331,89e23fc8-3f61-4480-9de3-358fe6eefe0b,1977,131124
Dipolydora socialis,42.3330001831,-70.5999984741,e7c86904-aac7-4a17-a895-99a54c430d80,1980,131124
Dipolydora socialis,42.5509986877,-70.9150009155,41a50544-957c-4193-8bbf-25a25f749e85,2001,131124
Dipolydora socialis,40.9749984741,-66.9244384766,89e23fc8-3f61-4480-9de3-358fe6eefe0b,1977,131124
Dipolydora socialis,41.5561103821,-68.9711074829,89e23fc8-3f61-4480-9de3-358fe6eefe0b,1977,131124
Dipolydora socialis,42.3170013428,-70.5999984741,e7c86904-aac7-4a17-a895-99a54c430d80,1979,131124
Dipolydora socialis,41.1547203064,-66.6686096191,89e23fc8-3f61-4480-9de3-358fe6eefe0b,1977,131124
Dipolydora socialis,42.25418,-70.32759,43b58971-4fda-4210-a6ef-654fe0ce226d,2008,131124
Dipolydora socialis,45.256668,-64.1667,ce1d93f3-8b0f-4ee7-9a4d-0393a6ec7fea,1979,131124
Dipolydora socialis,44.2700004578,-68.4400024414,41a50544-957c-4193-8bbf-25a25f749e85,2002,131124
Dipolydora socialis,42.3170013428,-70.5999984741,e7c86904-aac7-4a17-a895-99a54c430d80,1985,131124
Dipolydora socialis,41.4583282471,-68.0116729736,89e23fc8-3f61-4480-9de3-358fe6eefe0b,1981,131124
Dipolydora socialis,43.0670013428,-70.7070007324,41a50544-957c-4193-8bbf-25a25f749e85,2000,131124
Dipolydora socialis,42.3170013428,-70.5999984741,e7c86904-aac7-4a17-a895-99a54c430d80,1984,131124
Dipolydora socialis,41.540561676,-66.0475006104,89e23fc8-3f61-4480-9de3-358fe6eefe0b,1977,131124
Dipolydora socialis,42.2999992371,-70.5999984741,e7c86904-aac7-4a17-a895-99a54c430d80,1982,131124
Dipolydora socialis,42.1399993896,-70.6900024414,41a50544-957c-4193-8bbf-25a25f749e85,2000,131124
Dipolydora socialis,42.3170013428,-70.5999984741,e7c86904-aac7-4a17-a895-99a54c430d80,1981,131124
Dipolydora socialis,41.8330001831,-66.8499984741,e7c86904-aac7-4a17-a895-99a54c430d80,1978,131124
Dipolydora socialis,42.3170013428,-70.5999984741,e7c86904-aac7-4a17-a895-99a54c430d80,1982,131124
Dipolydora socialis,41.9599990845,-70.4260025024,41a50544-957c-4193-8bbf-25a25f749e85,2001,131124
Dipolydora socialis,41.5699996948,-68.9833297729,89e23fc8-3f61-4480-9de3-358fe6eefe0b,1981,131124
Dipolydora socialis,41.9033317566,-67.9847183228,89e23fc8-3f61-4480-9de3-358fe6eefe0b,1977,131124
Dipolydora socialis,41.4350013733,-67.9927825928,89e23fc8-3f61-4480-9de3-358fe6eefe0b,1977,131124
Dipolydora socialis,42.0,-66.983001709,e7c86904-aac7-4a17-a895-99a54c430d80,1980,131124
Dipolydora socialis,40.9833297729,-66.9300003052,89e23fc8-3f61-4480-9de3-358fe6eefe0b,1982,131124
Dipolydora socialis,45.1510009766,-67.1520004272,41a50544-957c-4193-8bbf-25a25f749e85,2001,131124
Dipolydora socialis,40.9094390869,-66.7822189331,89e23fc8-3f61-4480-9de3-358fe6eefe0b,1977,131124
Dipolydora socialis,41.9000015259,-70.1500015259,41a50544-957c-4193-8bbf-25a25f749e85,2001,131124
Dipolydora socialis,42.54012,-70.72795,43b58971-4fda-4210-a6ef-654fe0ce226d,2004,131124
Dipolydora socialis,44.2599983215,-68.2799987793,41a50544-957c-4193-8bbf-25a25f749e85,2001,131124
Dipolydora socialis,42.10401,-70.49265,43b58971-4fda-4210-a6ef-654fe0ce226d,2004,131124
Dipolydora socialis,41.4583282471,-68.0116729736,89e23fc8-3f61-4480-9de3-358fe6eefe0b,1982,131124
Dipolydora socialis,42.5299987793,-70.8499984741,41a50544-957c-4193-8bbf-25a25f749e85,2001,131124
Dipolydora socialis,40.9169998169,-67.5670013428,e7c86904-aac7-4a17-a895-99a54c430d80,1981,131124
Dipolydora socialis,42.13129,-70.28621,43b58971-4fda-4210-a6ef-654fe0ce226d,2008,131124
Dipolydora socialis,40.8950004578,-66.7750015259,89e23fc8-3f61-4480-9de3-358fe6eefe0b,1983,131124
Dipolydora socialis,41.4402809143,-68.0,89e23fc8-3f61-4480-9de3-358fe6eefe0b,1977,131124
Dipolydora socialis,41.3222198486,-68.7183303833,89e23fc8-3f61-4480-9de3-358fe6eefe0b,1977,131124
Dipolydora socialis,42.3499984741,-70.5830001831,e7c86904-aac7-4a17-a895-99a54c430d80,1980,131124
Dipolydora socialis,40.8950004578,-66.7750015259,89e23fc8-3f61-4480-9de3-358fe6eefe0b,1984,131124
Dipolydora socialis,41.9500007629,-70.2119979858,41a50544-957c-4193-8bbf-25a25f749e85,2001,131124
Dipolydora socialis,40.9113883972,-66.7816696167,89e23fc8-3f61-4480-9de3-358fe6eefe0b,1977,131124
Dipolydora socialis,42.26105,-70.11768,43b58971-4fda-4210-a6ef-654fe0ce226d,2008,131124
Dipolydora socialis,41.8386116028,-66.8602828979,89e23fc8-3f61-4480-9de3-358fe6eefe0b,1977,131124
Dipolydora socialis,42.0,-67.0,e7c86904-aac7-4a17-a895-99a54c430d80,1982,131124
Dipolydora socialis,40.8950004578,-66.7750015259,89e23fc8-3f61-4480-9de3-358fe6eefe0b,1984,131124
Dipolydora socialis,43.5400009155,-70.2399978638,41a50544-957c-4193-8bbf-25a25f749e85,2001,131124
Dipolydora socialis,41.9000015259,-70.1500015259,41a50544-957c-4193-8bbf-25a25f749e85,2001,131124
Dipolydora socialis,41.9025001526,-67.994720459,89e23fc8-3f61-4480-9de3-358fe6eefe0b,1977,131124
Dipolydora socialis,41.5400009155,-66.0408325195,89e23fc8-3f61-4480-9de3-358fe6eefe0b,1977,131124
Dipolydora socialis,40.8950004578,-66.7750015259,89e23fc8-3f61-4480-9de3-358fe6eefe0b,1981,131124
Dipolydora socialis,44.1920013428,-68.3519973755,41a50544-957c-4193-8bbf-25a25f749e85,2000,131124
Dipolydora socialis,42.3170013428,-70.5999984741,e7c86904-aac7-4a17-a895-99a54c430d80,1984,131124
Dipolydora socialis,40.9636116028,-67.5622177124,89e23fc8-3f61-4480-9de3-358fe6eefe0b,1977,131124
Dipolydora socialis,44.5110015869,-68.7900009155,41a50544-957c-4193-8bbf-25a25f749e85,2000,131124
Dipolydora socialis,42.43146,-70.79662,43b58971-4fda-4210-a6ef-654fe0ce226d,2004,131124
Dipolydora socialis,40.8950004578,-66.7750015259,89e23fc8-3f61-4480-9de3-358fe6eefe0b,1982,131124
Dipolydora socialis,41.76986,-70.36676,43b58971-4fda-4210-a6ef-654fe0ce226d,2004,131124
Dipolydora socialis,41.5433311462,-66.0394363403,89e23fc8-3f61-4480-9de3-358fe6eefe0b,1977,131124
Dipolydora socialis,42.63698,-70.3228,43b58971-4fda-4210-a6ef-654fe0ce226d,2008,131124
Dipolydora socialis,43.6360015869,-70.0360031128,41a50544-957c-4193-8bbf-25a25f749e85,2000,131124
Dipolydora socialis,42.3170013428,-70.5999984741,e7c86904-aac7-4a17-a895-99a54c430d80,1981,131124
Dipolydora socialis,41.9900016785,-70.3199996948,41a50544-957c-4193-8bbf-25a25f749e85,2000,131124
Dipolydora socialis,42.3170013428,-70.5999984741,e7c86904-aac7-4a17-a895-99a54c430d80,1985,131124
Dipolydora socialis,42.2900009155,-71.0400009155,41a50544-957c-4193-8bbf-25a25f749e85,2001,131124
Dipolydora socialis,40.9599990845,-67.5811080933,89e23fc8-3f61-4480-9de3-358fe6eefe0b,1977,131124
Dipolydora socialis,44.4500007629,-67.8399963379,41a50544-957c-4193-8bbf-25a25f749e85,2000,131124
Dipolydora socialis,44.2620010376,-68.4499969482,41a50544-957c-4193-8bbf-25a25f749e85,2001,131124
Dipolydora socialis,40.9169998169,-67.5670013428,e7c86904-aac7-4a17-a895-99a54c430d80,1981,131124
Dipolydora socialis,43.0600013733,-70.6999969482,41a50544-957c-4193-8bbf-25a25f749e85,2000,131124
Dipolydora socialis,40.9133300781,-66.7805633545,89e23fc8-3f61-4480-9de3-358fe6eefe0b,1977,131124
Dipolydora socialis,44.4510002136,-67.8470001221,41a50544-957c-4193-8bbf-25a25f749e85,2000,131124
Dipolydora socialis,41.4583282471,-68.0116729736,89e23fc8-3f61-4480-9de3-358fe6eefe0b,1981,131124
Dipolydora socialis,42.62745,-70.37403,43b58971-4fda-4210-a6ef-654fe0ce226d,2008,131124
Dipolydora socialis,40.9094390869,-66.7822189331,89e23fc8-3f61-4480-9de3-358fe6eefe0b,1977,131124
Dipolydora socialis,42.3330001831,-70.5999984741,e7c86904-aac7-4a17-a895-99a54c430d80,1980,131124
Dipolydora socialis,41.9599990845,-70.4199981689,41a50544-957c-4193-8bbf-25a25f749e85,2001,131124
Dipolydora socialis,41.8400001526,-70.0299987793,41a50544-957c-4193-8bbf-25a25f749e85,2000,131124
Dipolydora socialis,40.8950004578,-66.7750015259,89e23fc8-3f61-4480-9de3-358fe6eefe0b,1982,131124
Dipolydora socialis,42.283000946,-67.516998291,e7c86904-aac7-4a17-a895-99a54c430d80,1978,131124
Dipolydora socialis,41.557220459,-68.9766693115,89e23fc8-3f61-4480-9de3-358fe6eefe0b,1977,131124
Dipolydora socialis,42.141998291,-70.6979980469,41a50544-957c-4193-8bbf-25a25f749e85,2000,131124
Dipolydora socialis,42.2960014343,-71.0429992676,41a50544-957c-4193-8bbf-25a25f749e85,2001,131124
Dipolydora socialis,40.9597206116,-67.5755615234,89e23fc8-3f61-4480-9de3-358fe6eefe0b,1977,131124
Dipolydora socialis,40.966999054,-67.5500030518,e7c86904-aac7-4a17-a895-99a54c430d80,1979,131124
Dipolydora socialis,44.2599983215,-68.4499969482,41a50544-957c-4193-8bbf-25a25f749e85,2001,131124
Dipolydora socialis,40.966999054,-67.5500030518,e7c86904-aac7-4a17-a895-99a54c430d80,1982,131124
Dipolydora socialis,40.9619407654,-67.5538864136,89e23fc8-3f61-4480-9de3-358fe6eefe0b,1977,131124
Dipolydora socialis,42.3170013428,-70.5999984741,e7c86904-aac7-4a17-a895-99a54c430d80,1982,131124
Dipolydora socialis,44.1199989319,-68.9300003052,41a50544-957c-4193-8bbf-25a25f749e85,2000,131124
Dipolydora socialis,45.1500015259,-67.1500015259,41a50544-957c-4193-8bbf-25a25f749e85,2001,131124
Dipolydora socialis,42.3170013428,-70.5999984741,e7c86904-aac7-4a17-a895-99a54c430d80,1984,131124
Dipolydora socialis,40.8950004578,-66.7750015259,89e23fc8-3f61-4480-9de3-358fe6eefe0b,1981,131124
Dipolydora socialis,40.8950004578,-66.7750015259,89e23fc8-3f61-4480-9de3-358fe6eefe0b,1982,131124
Dipolydora socialis,42.3170013428,-70.5999984741,e7c86904-aac7-4a17-a895-99a54c430d80,1980,131124
Dipolydora socialis,40.915561676,-66.7888870239,89e23fc8-3f61-4480-9de3-358fe6eefe0b,1977,131124
Dipolydora socialis,40.9147186279,-66.7769393921,89e23fc8-3f61-4480-9de3-358fe6eefe0b,1977,131124
Dipolydora socialis,44.1899986267,-68.3499984741,41a50544-957c-4193-8bbf-25a25f749e85,2000,131124
Dipolydora socialis,41.908000946,-70.1539993286,41a50544-957c-4193-8bbf-25a25f749e85,2001,131124
Dipolydora socialis,42.55612,-70.24165,43b58971-4fda-4210-a6ef-654fe0ce226d,2008,131124
Dipolydora socialis,40.8950004578,-66.7750015259,89e23fc8-3f61-4480-9de3-358fe6eefe0b,1981,131124
Dipolydora socialis,42.2999992371,-70.5999984741,e7c86904-aac7-4a17-a895-99a54c430d80,1982,131124
Dipolydora socialis,40.96667099,-67.573059082,89e23fc8-3f61-4480-9de3-358fe6eefe0b,1977,131124
Dipolydora socialis,42.3170013428,-70.5999984741,e7c86904-aac7-4a17-a895-99a54c430d80,1981,131124
Dipolydora socialis,41.8369407654,-66.8433303833,89e23fc8-3f61-4480-9de3-358fe6eefe0b,1977,131124
Dipolydora socialis,42.2820014954,-70.8840026855,41a50544-957c-4193-8bbf-25a25f749e85,2000,131124
Dipolydora socialis,40.8950004578,-66.7750015259,89e23fc8-3f61-4480-9de3-358fe6eefe0b,1982,131124
Dipolydora socialis,42.63309,-70.46301,43b58971-4fda-4210-a6ef-654fe0ce226d,2008,131124
Dipolydora socialis,40.9733314514,-66.9177780151,89e23fc8-3f61-4480-9de3-358fe6eefe0b,1977,131124
Dipolydora socialis,42.3170013428,-70.5999984741,e7c86904-aac7-4a17-a895-99a54c430d80,1982,131124
Dipolydora socialis,41.6172218323,-69.2525024414,89e23fc8-3f61-4480-9de3-358fe6eefe0b,1977,131124
Dipolydora socialis,42.2999992371,-70.5999984741,e7c86904-aac7-4a17-a895-99a54c430d80,1982,131124
Dipolydora socialis,42.28861,-70.88524,43b58971-4fda-4210-a6ef-654fe0ce226d,2004,131124
Dipolydora socialis,42.3330001831,-70.5999984741,e7c86904-aac7-4a17-a895-99a54c430d80,1980,131124
Dipolydora socialis,44.2690010071,-68.2880020142,41a50544-957c-4193-8bbf-25a25f749e85,2001,131124
Dipolydora socialis,42.5320014954,-70.8519973755,41a50544-957c-4193-8bbf-25a25f749e85,2001,131124
Dipolydora socialis,43.5480003357,-70.2490005493,41a50544-957c-4193-8bbf-25a25f749e85,2001,131124
Dipolydora socialis,42.3170013428,-70.5999984741,e7c86904-aac7-4a17-a895-99a54c430d80,1984,131124
Dipolydora socialis,42.0120010376,-70.1139984131,41a50544-957c-4193-8bbf-25a25f749e85,2001,131124
Dipolydora socialis,42.3170013428,-70.5999984741,e7c86904-aac7-4a17-a895-99a54c430d80,1982,131124
Dipolydora socialis,42.2799987793,-70.8799972534,41a50544-957c-4193-8bbf-25a25f749e85,2000,131124
Dipolydora socialis,42.3499984741,-70.5830001831,e7c86904-aac7-4a17-a895-99a54c430d80,1980,131124
Dipolydora socialis,42.5499992371,-70.9100036621,41a50544-957c-4193-8bbf-25a25f749e85,2001,131124
Dipolydora socialis,41.3308296204,-68.7147216797,89e23fc8-3f61-4480-9de3-358fe6eefe0b,1977,131124
Dipolydora socialis,40.8950004578,-66.7750015259,89e23fc8-3f61-4480-9de3-358fe6eefe0b,1982,131124
Dipolydora socialis,42.3170013428,-70.5999984741,e7c86904-aac7-4a17-a895-99a54c430d80,1985,131124
Dipolydora socialis,40.966999054,-67.5329971313,e7c86904-aac7-4a17-a895-99a54c430d80,1982,131124
Dipolydora socialis,42.2999992371,-70.5999984741,e7c86904-aac7-4a17-a895-99a54c430d80,1982,131124
Dipolydora socialis,41.9500007629,-70.2099990845,41a50544-957c-4193-8bbf-25a25f749e85,2001,131124
Dipolydora socialis,40.9094390869,-66.7822189331,89e23fc8-3f61-4480-9de3-358fe6eefe0b,1977,131124
Dipolydora socialis,42.29822,-70.23617,43b58971-4fda-4210-a6ef-654fe0ce226d,2008,131124
Dipolydora socialis,41.505279541,-66.7322235107,89e23fc8-3f61-4480-9de3-358fe6eefe0b,1977,131124
Dipolydora socialis,41.4350013733,-67.9927825928,89e23fc8-3f61-4480-9de3-358fe6eefe0b,1977,131124
Dipolydora socialis,44.8699989319,-66.9899978638,41a50544-957c-4193-8bbf-25a25f749e85,2002,131124
Dipolydora socialis,42.3170013428,-70.5999984741,e7c86904-aac7-4a17-a895-99a54c430d80,1982,131124
Dipolydora socialis,41.8489990234,-70.0350036621,41a50544-957c-4193-8bbf-25a25f749e85,2000,131124
Dipolydora socialis,40.9094390869,-66.7822189331,89e23fc8-3f61-4480-9de3-358fe6eefe0b,1977,131124
Dipolydora socialis,40.8950004578,-66.7750015259,89e23fc8-3f61-4480-9de3-358fe6eefe0b,1981,131124
Dipolydora socialis,42.3170013428,-70.5999984741,e7c86904-aac7-4a17-a895-99a54c430d80,1985,131124
Dipolydora socialis,41.9329986572,-66.8499984741,e7c86904-aac7-4a17-a895-99a54c430d80,1978,131124
Dipolydora socialis,41.9930000305,-70.3290023804,41a50544-957c-4193-8bbf-25a25f749e85,2000,131124
Dipolydora socialis,42.1941,-70.51124,43b58971-4fda-4210-a6ef-654fe0ce226d,2004,131124
Dipolydora socialis,44.5099983215,-68.7900009155,41a50544-957c-4193-8bbf-25a25f749e85,2000,131124
Dipolydora socialis,40.966999054,-67.5500030518,e7c86904-aac7-4a17-a895-99a54c430d80,1982,131124
Dipolydora socialis,41.5569381714,-68.9736099243,89e23fc8-3f61-4480-9de3-358fe6eefe0b,1977,131124
Dipolydora socialis,42.3170013428,-70.5999984741,e7c86904-aac7-4a17-a895-99a54c430d80,1985,131124
Apocorophium acutum,42.2494316101,-70.9733810425,4da23d30-af8d-48f3-977a-4e24394e2e8c,2000,148604
Apocorophium acutum,42.0387802124,-70.6695175171,4da23d30-af8d-48f3-977a-4e24394e2e8c,2000,148604
Apocorophium acutum,45.003889,-66.9136,ce1d93f3-8b0f-4ee7-9a4d-0393a6ec7fea,2007,148604
Apocorophium acutum,45.003768,-66.913565,0c59dc30-4b06-4572-addc-155042f81fd0,2007,148604
Apocorophium acutum,41.81342,-70.09364,43b58971-4fda-4210-a6ef-654fe0ce226d,2004,148604
Apocorophium acutum,43.8680000305,-69.9000015259,41a50544-957c-4193-8bbf-25a25f749e85,2001,148604
Apocorophium acutum,45.003724,-66.913385,0c59dc30-4b06-4572-addc-155042f81fd0,2007,148604
Apocorophium acutum,44.2094802856,-69.0612869263,4da23d30-af8d-48f3-977a-4e24394e2e8c,2007,148604
Apocorophium acutum,45.003512,-66.91344,0c59dc30-4b06-4572-addc-155042f81fd0,2007,148604
Apocorophium acutum,41.7061309814,-70.2988967896,4da23d30-af8d-48f3-977a-4e24394e2e8c,2000,148604
Apocorophium acutum,43.8600006104,-69.9000015259,41a50544-957c-4193-8bbf-25a25f749e85,2001,148604
Apocorophium acutum,43.9350814819,-69.5811233521,4da23d30-af8d-48f3-977a-4e24394e2e8c,2007,148604
Apocorophium acutum,42.5215988159,-70.881652832,4da23d30-af8d-48f3-977a-4e24394e2e8c,2000,148604
Apocorophium acutum,45.003611,-66.9133,ce1d93f3-8b0f-4ee7-9a4d-0393a6ec7fea,2007,148604
Apocorophium acutum,45.003611,-66.9133,ce1d93f3-8b0f-4ee7-9a4d-0393a6ec7fea,2007,148604
Apocorophium acutum,44.8199996948,-66.9499969482,41a50544-957c-4193-8bbf-25a25f749e85,2002,148604
Monocorophium acherusicum,44.0390014648,-69.3619995117,41a50544-957c-4193-8bbf-25a25f749e85,2001,225814
Monocorophium acherusicum,44.0299987793,-69.3600006104,41a50544-957c-4193-8bbf-25a25f749e85,2001,225814
Monocorophium acherusicum,42.6349983215,-70.7699966431,41a50544-957c-4193-8bbf-25a25f749e85,2000,225814
Monocorophium acherusicum,42.5200004578,-70.8099975586,41a50544-957c-4193-8bbf-25a25f749e85,2000,225814
Monocorophium acherusicum,44.5099983215,-68.7900009155,41a50544-957c-4193-8bbf-25a25f749e85,2000,225814
Monocorophium acherusicum,43.6450004578,-70.2860031128,41a50544-957c-4193-8bbf-25a25f749e85,2000,225814
Monocorophium acherusicum,42.0999984741,-66.5,89e23fc8-3f61-4480-9de3-358fe6eefe0b,1955,225814
Monocorophium acherusicum,45.1500015259,-67.1500015259,41a50544-957c-4193-8bbf-25a25f749e85,2001,225814
Monocorophium acherusicum,42.0999984741,-66.5,e7c86904-aac7-4a17-a895-99a54c430d80,1955,225814
Monocorophium acherusicum,42.1399993896,-70.6900024414,41a50544-957c-4193-8bbf-25a25f749e85,2000,225814
Monocorophium acherusicum,44.5279998779,-67.84400177,41a50544-957c-4193-8bbf-25a25f749e85,2000,225814
Monocorophium acherusicum,44.9459991455,-67.1409988403,41a50544-957c-4193-8bbf-25a25f749e85,2000,225814
Monocorophium acherusicum,43.7649993896,-70.0979995728,41a50544-957c-4193-8bbf-25a25f749e85,2001,225814
Monocorophium acherusicum,42.0999984741,-66.5,e7c86904-aac7-4a17-a895-99a54c430d80,1955,225814
Monocorophium acherusicum,42.2900009155,-71.0400009155,41a50544-957c-4193-8bbf-25a25f749e85,2001,225814
Monocorophium acherusicum,41.7099990845,-69.9700012207,41a50544-957c-4193-8bbf-25a25f749e85,2001,225814
Monocorophium acherusicum,42.6300010681,-70.7699966431,41a50544-957c-4193-8bbf-25a25f749e85,2000,225814
Monocorophium acherusicum,42.5215988159,-70.881652832,4da23d30-af8d-48f3-977a-4e24394e2e8c,2000,225814
Monocorophium acherusicum,44.5200004578,-67.8399963379,41a50544-957c-4193-8bbf-25a25f749e85,2000,225814
Monocorophium acherusicum,43.6399993896,-70.2799987793,41a50544-957c-4193-8bbf-25a25f749e85,2000,225814
Monocorophium acherusicum,42.357219696,-71.0497207642,4da23d30-af8d-48f3-977a-4e24394e2e8c,2000,225814
Monocorophium acherusicum,42.5279998779,-70.8150024414,41a50544-957c-4193-8bbf-25a25f749e85,2000,225814
Monocorophium acherusicum,42.141998291,-70.6979980469,41a50544-957c-4193-8bbf-25a25f749e85,2000,225814
Monocorophium acherusicum,44.8699989319,-66.9899978638,41a50544-957c-4193-8bbf-25a25f749e85,2002,225814
Monocorophium acherusicum,42.8997383118,-70.8179702759,4da23d30-af8d-48f3-977a-4e24394e2e8c,2007,225814
Monocorophium acherusicum,42.2960014343,-71.0429992676,41a50544-957c-4193-8bbf-25a25f749e85,2001,225814
Monocorophium acherusicum,44.5110015869,-68.7900009155,41a50544-957c-4193-8bbf-25a25f749e85,2000,225814
Monocorophium acherusicum,42.5402984619,-70.8805999756,4da23d30-af8d-48f3-977a-4e24394e2e8c,2000,225814
Monocorophium acherusicum,43.7599983215,-70.0899963379,41a50544-957c-4193-8bbf-25a25f749e85,2001,225814
Monocorophium acherusicum,44.9399986267,-67.1399993896,41a50544-957c-4193-8bbf-25a25f749e85,2000,225814
Monocorophium acherusicum,43.8209381104,-70.1052932739,4da23d30-af8d-48f3-977a-4e24394e2e8c,2007,225814
Monocorophium acherusicum,45.1510009766,-67.1520004272,41a50544-957c-4193-8bbf-25a25f749e85,2001,225814
Monocorophium insidiosum,42.0387802124,-70.6695175171,4da23d30-af8d-48f3-977a-4e24394e2e8c,2000,148592
Monocorophium insidiosum,43.6495780945,-70.2308807373,4da23d30-af8d-48f3-977a-4e24394e2e8c,2007,148592
Monocorophium insidiosum,41.9627799988,-70.6666183472,4da23d30-af8d-48f3-977a-4e24394e2e8c,2000,148592
Monocorophium insidiosum,42.61302948,-70.6807174683,4da23d30-af8d-48f3-977a-4e24394e2e8c,2000,148592
Monocorophium insidiosum,44.936833,-66.842183,83040ea6-0e87-4e4e-937d-1b826349c464,2020,148592
Monocorophium insidiosum,43.6793556213,-70.2527999878,4da23d30-af8d-48f3-977a-4e24394e2e8c,2007,148592
Monocorophium insidiosum,42.357219696,-71.0497207642,4da23d30-af8d-48f3-977a-4e24394e2e8c,2007,148592
Monocorophium insidiosum,45.0853,-67.0988,83040ea6-0e87-4e4e-937d-1b826349c464,2020,148592
Monocorophium insidiosum,42.2494316101,-70.9733810425,4da23d30-af8d-48f3-977a-4e24394e2e8c,2000,148592
Monocorophium insidiosum,45.0853,-67.0988,83040ea6-0e87-4e4e-937d-1b826349c464,2020,148592
Monocorophium insidiosum,43.0580406189,-70.7277984619,4da23d30-af8d-48f3-977a-4e24394e2e8c,2007,148592
Monocorophium insidiosum,43.8209381104,-70.1052932739,4da23d30-af8d-48f3-977a-4e24394e2e8c,2003,148592
Monocorophium insidiosum,42.5215988159,-70.881652832,4da23d30-af8d-48f3-977a-4e24394e2e8c,2007,148592
Monocorophium insidiosum,43.8209381104,-70.1052932739,4da23d30-af8d-48f3-977a-4e24394e2e8c,2003,148592
Monocorophium insidiosum,41.771068573,-70.5023727417,4da23d30-af8d-48f3-977a-4e24394e2e8c,2007,148592
Monocorophium insidiosum,45.082517,-67.096267,83040ea6-0e87-4e4e-937d-1b826349c464,2020,148592
Monocorophium insidiosum,43.6495780945,-70.2308807373,4da23d30-af8d-48f3-977a-4e24394e2e8c,2003,148592
Monocorophium insidiosum,43.0717163086,-70.7105331421,4da23d30-af8d-48f3-977a-4e24394e2e8c,2003,148592
Monocorophium insidiosum,42.8997383118,-70.8179702759,4da23d30-af8d-48f3-977a-4e24394e2e8c,2007,148592
Monocorophium insidiosum,44.483001709,-68.8000030518,89e23fc8-3f61-4480-9de3-358fe6eefe0b,1964,148592
Monocorophium insidiosum,42.5402984619,-70.8805999756,4da23d30-af8d-48f3-977a-4e24394e2e8c,2000,148592
Monocorophium insidiosum,42.6142196655,-70.6508712769,4da23d30-af8d-48f3-977a-4e24394e2e8c,2000,148592
Monocorophium insidiosum,42.0387802124,-70.6695175171,4da23d30-af8d-48f3-977a-4e24394e2e8c,2000,148592
Monocorophium insidiosum,43.8209381104,-70.1052932739,4da23d30-af8d-48f3-977a-4e24394e2e8c,2007,148592
Monocorophium insidiosum,41.771068573,-70.5023727417,4da23d30-af8d-48f3-977a-4e24394e2e8c,2000,148592
Monocorophium insidiosum,44.483001709,-68.8000030518,e7c86904-aac7-4a17-a895-99a54c430d80,1964,148592
Monocorophium insidiosum,42.6104011536,-70.6588897705,4da23d30-af8d-48f3-977a-4e24394e2e8c,2007,148592
Monocorophium insidiosum,45.0853,-67.0988,83040ea6-0e87-4e4e-937d-1b826349c464,2020,148592
Monocorophium insidiosum,42.3472213745,-70.9599990845,4da23d30-af8d-48f3-977a-4e24394e2e8c,2000,148592
Monocorophium insidiosum,44.2094802856,-69.0612869263,4da23d30-af8d-48f3-977a-4e24394e2e8c,2007,148592
Monocorophium insidiosum,42.5215988159,-70.881652832,4da23d30-af8d-48f3-977a-4e24394e2e8c,2000,148592
Monocorophium insidiosum,43.6495780945,-70.2308807373,4da23d30-af8d-48f3-977a-4e24394e2e8c,2003,148592
Monocorophium insidiosum,41.7061309814,-70.2988967896,4da23d30-af8d-48f3-977a-4e24394e2e8c,2000,148592
Monocorophium insidiosum,42.3432502747,-71.0350036621,4da23d30-af8d-48f3-977a-4e24394e2e8c,2000,148592
Monocorophium insidiosum,42.357219696,-71.0497207642,4da23d30-af8d-48f3-977a-4e24394e2e8c,2000,148592
Monocorophium insidiosum,42.357219696,-71.0497207642,4da23d30-af8d-48f3-977a-4e24394e2e8c,2003,148592
Monocorophium insidiosum,41.9627799988,-70.6666183472,4da23d30-af8d-48f3-977a-4e24394e2e8c,2000,148592
Amathia gracilis,42.357219696,-71.0497207642,4da23d30-af8d-48f3-977a-4e24394e2e8c,2000,851589
Amathia gracilis,43.6623001099,-70.2431411743,4da23d30-af8d-48f3-977a-4e24394e2e8c,2003,851589
Amathia gracilis,40.8950004578,-66.7750015259,89e23fc8-3f61-4480-9de3-358fe6eefe0b,1983,851589
Amathia gracilis,42.357219696,-71.0497207642,4da23d30-af8d-48f3-977a-4e24394e2e8c,2003,851589
Amathia gracilis,43.6623001099,-70.2431411743,4da23d30-af8d-48f3-977a-4e24394e2e8c,2003,851589
Amathia gracilis,42.357219696,-71.0497207642,4da23d30-af8d-48f3-977a-4e24394e2e8c,2003,851589
Amathia gracilis,42.0387802124,-70.6695175171,4da23d30-af8d-48f3-977a-4e24394e2e8c,2000,851589
Amathia gracilis,42.5402984619,-70.8805999756,4da23d30-af8d-48f3-977a-4e24394e2e8c,2000,851589
Amathia gracilis,44.8705555556,-67.1495,0c59dc30-4b06-4572-addc-155042f81fd0,2008,851589
Amathia gracilis,42.6142196655,-70.6508712769,4da23d30-af8d-48f3-977a-4e24394e2e8c,2000,851589
Amathia gracilis,42.5402984619,-70.8805999756,4da23d30-af8d-48f3-977a-4e24394e2e8c,2000,851589
Amathia gracilis,42.2427597046,-70.9720993042,4da23d30-af8d-48f3-977a-4e24394e2e8c,2000,851589
Amathia gracilis,42.0387802124,-70.6695175171,4da23d30-af8d-48f3-977a-4e24394e2e8c,2000,851589
Amathia gracilis,42.6142196655,-70.6508712769,4da23d30-af8d-48f3-977a-4e24394e2e8c,2000,851589
Amathia gracilis,41.9627799988,-70.6666183472,4da23d30-af8d-48f3-977a-4e24394e2e8c,2000,851589
Amathia gracilis,44.8706,-67.149722,ce1d93f3-8b0f-4ee7-9a4d-0393a6ec7fea,2008,851589
Amathia gracilis,44.8706388889,-67.1496666667,0c59dc30-4b06-4572-addc-155042f81fd0,2008,851589
Amathia gracilis,41.771068573,-70.5023727417,4da23d30-af8d-48f3-977a-4e24394e2e8c,2007,851589
Amathia gracilis,43.6495780945,-70.2308807373,4da23d30-af8d-48f3-977a-4e24394e2e8c,2003,851589
Amathia gracilis,43.6623001099,-70.2431411743,4da23d30-af8d-48f3-977a-4e24394e2e8c,2003,851589
Amathia gracilis,42.8992156982,-70.8179855347,4da23d30-af8d-48f3-977a-4e24394e2e8c,2003,851589
Amathia gracilis,41.771068573,-70.5023727417,4da23d30-af8d-48f3-977a-4e24394e2e8c,2000,851589
Amathia gracilis,41.9627799988,-70.6666183472,4da23d30-af8d-48f3-977a-4e24394e2e8c,2000,851589
Amathia gracilis,44.8706111111,-67.1495833333,0c59dc30-4b06-4572-addc-155042f81fd0,2008,851589
Amathia gracilis,44.8706,-67.149722,ce1d93f3-8b0f-4ee7-9a4d-0393a6ec7fea,2008,851589
Amathia gracilis,42.5215988159,-70.881652832,4da23d30-af8d-48f3-977a-4e24394e2e8c,2000,851589
Amathia gracilis,42.61302948,-70.6807174683,4da23d30-af8d-48f3-977a-4e24394e2e8c,2000,851589
Amathia gracilis,44.8705277778,-67.1494722222,0c59dc30-4b06-4572-addc-155042f81fd0,2008,851589
Amathia gracilis,42.61302948,-70.6807174683,4da23d30-af8d-48f3-977a-4e24394e2e8c,2000,851589
Amathia gracilis,43.6495780945,-70.2308807373,4da23d30-af8d-48f3-977a-4e24394e2e8c,2003,851589
Amathia gracilis,42.5402984619,-70.8805999756,4da23d30-af8d-48f3-977a-4e24394e2e8c,2000,851589
Amathia gracilis,42.3472213745,-70.9599990845,4da23d30-af8d-48f3-977a-4e24394e2e8c,2000,851589
Amathia gracilis,42.8992156982,-70.8179855347,4da23d30-af8d-48f3-977a-4e24394e2e8c,2003,851589
Amathia gracilis,42.3432502747,-71.0350036621,4da23d30-af8d-48f3-977a-4e24394e2e8c,2000,851589
Amathia gracilis,42.61302948,-70.6807174683,4da23d30-af8d-48f3-977a-4e24394e2e8c,2000,851589
Amathia gracilis,42.6142196655,-70.6508712769,4da23d30-af8d-48f3-977a-4e24394e2e8c,2000,851589
Amathia gracilis,41.9627799988,-70.6666183472,4da23d30-af8d-48f3-977a-4e24394e2e8c,2000,851589
Amathia gracilis,44.8706,-67.149444,ce1d93f3-8b0f-4ee7-9a4d-0393a6ec7fea,2008,851589
Amathia gracilis,42.5215988159,-70.881652832,4da23d30-af8d-48f3-977a-4e24394e2e8c,2003,851589
Amathia gracilis,42.3432502747,-71.0350036621,4da23d30-af8d-48f3-977a-4e24394e2e8c,2000,851589
Amathia gracilis,43.3199996948,-70.5634994507,4da23d30-af8d-48f3-977a-4e24394e2e8c,2007,851589
Amathia gracilis,44.8706,-67.149444,ce1d93f3-8b0f-4ee7-9a4d-0393a6ec7fea,2008,851589
Amathia gracilis,43.6495780945,-70.2308807373,4da23d30-af8d-48f3-977a-4e24394e2e8c,2003,851589
Amathia gracilis,42.3472213745,-70.9599990845,4da23d30-af8d-48f3-977a-4e24394e2e8c,2000,851589
Cryptosula pallasiana,42.5215988159,-70.881652832,4da23d30-af8d-48f3-977a-4e24394e2e8c,2003,111343
Cryptosula pallasiana,42.6142196655,-70.6508712769,4da23d30-af8d-48f3-977a-4e24394e2e8c,2000,111343
Cryptosula pallasiana,42.357219696,-71.0497207642,4da23d30-af8d-48f3-977a-4e24394e2e8c,2003,111343
Cryptosula pallasiana,44.2094802856,-69.0612869263,4da23d30-af8d-48f3-977a-4e24394e2e8c,2007,111343
Cryptosula pallasiana,42.3432502747,-71.0350036621,4da23d30-af8d-48f3-977a-4e24394e2e8c,2000,111343
Cryptosula pallasiana,43.6495780945,-70.2308807373,4da23d30-af8d-48f3-977a-4e24394e2e8c,2003,111343
Cryptosula pallasiana,43.643,-70.226,1fcedb90-b2ea-4476-8faf-f2ff5964ac58,1999,111343
Cryptosula pallasiana,42.6104011536,-70.6588897705,4da23d30-af8d-48f3-977a-4e24394e2e8c,2007,111343
Cryptosula pallasiana,42.5402984619,-70.8805999756,4da23d30-af8d-48f3-977a-4e24394e2e8c,2000,111343
Cryptosula pallasiana,41.4583282471,-68.0116729736,89e23fc8-3f61-4480-9de3-358fe6eefe0b,1981,111343
Cryptosula pallasiana,41.7061309814,-70.2988967896,4da23d30-af8d-48f3-977a-4e24394e2e8c,2000,111343
Cryptosula pallasiana,42.357219696,-71.0497207642,4da23d30-af8d-48f3-977a-4e24394e2e8c,2003,111343
Cryptosula pallasiana,42.61302948,-70.6807174683,4da23d30-af8d-48f3-977a-4e24394e2e8c,2000,111343
Cryptosula pallasiana,42.5215988159,-70.881652832,4da23d30-af8d-48f3-977a-4e24394e2e8c,2007,111343
Cryptosula pallasiana,42.5215988159,-70.881652832,4da23d30-af8d-48f3-977a-4e24394e2e8c,2000,111343
Cryptosula pallasiana,41.771068573,-70.5023727417,4da23d30-af8d-48f3-977a-4e24394e2e8c,2000,111343
Cryptosula pallasiana,43.3199996948,-70.5634994507,4da23d30-af8d-48f3-977a-4e24394e2e8c,2007,111343
Cryptosula pallasiana,42.61302948,-70.6807174683,4da23d30-af8d-48f3-977a-4e24394e2e8c,2000,111343
Cryptosula pallasiana,43.6623001099,-70.2431411743,4da23d30-af8d-48f3-977a-4e24394e2e8c,2003,111343
Cryptosula pallasiana,42.3432502747,-71.0350036621,4da23d30-af8d-48f3-977a-4e24394e2e8c,2000,111343
Cryptosula pallasiana,43.844379425,-69.6408233643,4da23d30-af8d-48f3-977a-4e24394e2e8c,2007,111343
Cryptosula pallasiana,42.357219696,-71.0497207642,4da23d30-af8d-48f3-977a-4e24394e2e8c,2003,111343
Cryptosula pallasiana,42.357219696,-71.0497207642,4da23d30-af8d-48f3-977a-4e24394e2e8c,2003,111343
Cryptosula pallasiana,43.6495780945,-70.2308807373,4da23d30-af8d-48f3-977a-4e24394e2e8c,2003,111343
Cryptosula pallasiana,41.3222198486,-68.1852798462,89e23fc8-3f61-4480-9de3-358fe6eefe0b,1977,111343
Cryptosula pallasiana,43.674,-70.25,1fcedb90-b2ea-4476-8faf-f2ff5964ac58,1999,111343
Cryptosula pallasiana,43.087,-70.662,1fcedb90-b2ea-4476-8faf-f2ff5964ac58,1976,111343
Cryptosula pallasiana,42.5215988159,-70.881652832,4da23d30-af8d-48f3-977a-4e24394e2e8c,2003,111343
Cryptosula pallasiana,42.5215988159,-70.881652832,4da23d30-af8d-48f3-977a-4e24394e2e8c,2000,111343
Cryptosula pallasiana,42.8997383118,-70.8179702759,4da23d30-af8d-48f3-977a-4e24394e2e8c,2007,111343
Cryptosula pallasiana,43.6495780945,-70.2308807373,4da23d30-af8d-48f3-977a-4e24394e2e8c,2003,111343
Cryptosula pallasiana,41.771068573,-70.5023727417,4da23d30-af8d-48f3-977a-4e24394e2e8c,2007,111343
Cryptosula pallasiana,43.758,-69.998,1fcedb90-b2ea-4476-8faf-f2ff5964ac58,1996,111343
Cryptosula pallasiana,42.357219696,-71.0497207642,4da23d30-af8d-48f3-977a-4e24394e2e8c,2007,111343
Cryptosula pallasiana,42.357219696,-71.0497207642,4da23d30-af8d-48f3-977a-4e24394e2e8c,2000,111343
Cryptosula pallasiana,42.5402984619,-70.8805999756,4da23d30-af8d-48f3-977a-4e24394e2e8c,2000,111343
Cryptosula pallasiana,44.104839325,-69.1020889282,4da23d30-af8d-48f3-977a-4e24394e2e8c,2007,111343
Cryptosula pallasiana,43.6623001099,-70.2431411743,4da23d30-af8d-48f3-977a-4e24394e2e8c,2003,111343
Cryptosula pallasiana,43.6467,-70.225,1fcedb90-b2ea-4476-8faf-f2ff5964ac58,1983,111343
